date,total_kwh,avg_power,max_power,min_power,readings_count
2006-12-16,20.152933333333333,3.0534747474747475,7.706,0.284,396
2006-12-17,56.507666666666665,2.354486111111111,7.064,0.206,1440
2006-12-18,36.73043333333334,1.5304347222222223,6.158,0.202,1440
2006-12-19,27.7699,1.1570791666666667,7.84,0.194,1440
2006-12-20,37.0958,1.5456583333333334,5.988,0.202,1440
2006-12-21,28.610400000000002,1.193757997218359,5.854,0.194,1438
2006-12-22,39.022299999999994,1.6259291666666669,7.884,0.202,1440
2006-12-23,79.55643333333333,3.314851388888889,8.698,0.208,1440
2006-12-24,42.50020000000001,1.7708416666666669,6.824,0.196,1440
2006-12-25,45.718666666666664,1.9049444444444443,6.702,0.198,1440
2006-12-26,65.5685,2.7320208333333333,6.496,0.418,1440
2006-12-27,25.479333333333336,1.0616388888888888,5.56,0.21,1440
2006-12-28,34.54396666666666,1.4393319444444443,9.132,0.218,1440
2006-12-29,52.90653333333333,2.204438888888889,7.238,0.216,1440
2006-12-30,46.488366666666664,1.939709318497914,9.078,0.204,1438
2006-12-31,58.236599999999996,2.426525,6.722,0.206,1440
2007-01-01,45.81673333333333,1.9090305555555556,3.558,0.204,1440
2007-01-02,21.153933333333335,0.8814138888888889,3.688,0.358,1440
2007-01-03,16.9009,0.7042041666666666,5.19,0.23,1440
2007-01-04,54.32353333333333,2.2634805555555553,5.976,0.26,1440
2007-01-05,45.22273333333333,1.8842805555555555,5.73,0.222,1440
2007-01-06,25.139633333333336,1.047484722222222,8.044,0.234,1440
2007-01-07,40.79366666666667,1.6997361111111111,7.774,0.24,1440
2007-01-08,37.355999999999995,1.5565,4.97,0.216,1440
2007-01-09,31.1509,1.2979541666666667,8.67,0.202,1440
2007-01-10,35.91333333333333,1.496388888888889,6.836,0.212,1440
2007-01-11,37.58656666666667,1.5661069444444444,7.754,0.21,1440
2007-01-12,24.35493333333333,1.014788888888889,6.478,0.206,1440
2007-01-13,53.11356666666667,2.2130652777777775,9.272,0.212,1440
2007-01-14,50.130266666666664,2.0902126476719944,7.64,0.202,1439
2007-01-15,35.8113,1.4921375,5.896,0.208,1440
2007-01-16,28.10673333333333,1.1711138888888888,5.57,0.212,1440
2007-01-17,47.46146666666667,1.977561111111111,8.0,0.206,1440
2007-01-18,30.3577,1.2649041666666667,6.808,0.212,1440
2007-01-19,24.674,1.0280833333333335,6.132,0.198,1440
2007-01-20,52.22886666666667,2.1762027777777777,8.658,0.218,1440
2007-01-21,56.787699999999994,2.366154166666667,8.018,0.206,1440
2007-01-22,36.341566666666665,1.5142319444444445,7.722,0.212,1440
2007-01-23,29.627333333333333,1.2344722222222222,6.036,0.202,1440
2007-01-24,49.79756666666667,2.074898611111111,7.248,0.212,1440
2007-01-25,26.605733333333333,1.1085722222222223,5.832,0.206,1440
2007-01-26,26.9662,1.1235916666666665,5.024,0.208,1440
2007-01-27,34.06786666666667,1.4194944444444444,6.204,0.214,1440
2007-01-28,51.5034,2.147466296038916,7.552,0.224,1439
2007-01-29,33.044399999999996,1.37685,4.908,0.222,1440
2007-01-30,28.4633,1.1859708333333334,6.166,0.228,1440
2007-01-31,39.39586666666666,1.6414944444444444,6.59,0.226,1440
2007-02-01,30.412666666666667,1.2671944444444445,7.482,0.222,1440
2007-02-02,27.795599999999997,1.15815,5.448,0.22,1440
2007-02-03,67.16203333333334,2.7984180555555556,7.904,0.236,1440
2007-02-04,59.93233333333333,2.4971805555555555,7.698,0.22,1440
2007-02-05,27.421333333333337,1.1425555555555555,5.816,0.222,1440
2007-02-06,21.224666666666668,0.8843611111111112,4.816,0.214,1440
2007-02-07,38.8003,1.6166791666666667,6.694,0.218,1440
2007-02-08,30.023566666666667,1.2509819444444443,5.58,0.216,1440
2007-02-09,27.0033,1.1251375000000001,6.146,0.218,1440
2007-02-10,47.15546666666666,1.964811111111111,6.88,0.254,1440
2007-02-11,59.520466666666664,2.4800194444444443,7.426,0.252,1440
2007-02-12,31.293499999999998,1.3038958333333333,6.514,0.222,1440
2007-02-13,23.575766666666667,0.9823236111111111,4.972,0.214,1440
2007-02-14,41.64453333333333,1.735188888888889,6.008,0.212,1440
2007-02-15,33.0891,1.3787125,7.234,0.246,1440
2007-02-16,28.375466666666668,1.182311111111111,6.316,0.252,1440
2007-02-17,34.615199999999994,1.4423,7.33,0.214,1440
2007-02-18,63.82936666666667,2.6595569444444447,7.16,0.226,1440
2007-02-19,36.44356666666667,1.5184819444444444,7.682,0.218,1440
2007-02-20,52.49879999999999,2.18745,8.374,0.25,1440
2007-02-21,34.5479,1.4394958333333332,8.974,0.21,1440
2007-02-22,56.15796666666667,2.3431696801112656,9.41,0.252,1438
2007-02-23,21.891333333333332,0.9121388888888889,5.468,0.206,1440
2007-02-24,11.915366666666667,0.4964736111111111,2.464,0.204,1440
2007-02-25,8.362333333333332,0.3484305555555556,1.536,0.21,1440
2007-02-26,9.474733333333333,0.3947805555555556,1.558,0.21,1440
2007-02-27,8.635200000000001,0.35979999999999995,1.47,0.21,1440
2007-02-28,8.679566666666666,0.36164861111111113,1.486,0.21,1440
2007-03-01,8.626066666666667,0.3594194444444444,1.472,0.208,1440
2007-03-02,8.5948,0.35811666666666664,1.468,0.208,1440
2007-03-03,13.652033333333334,0.5688347222222222,4.242,0.206,1440
2007-03-04,34.845,1.4518749999999998,10.67,0.208,1440
2007-03-05,44.33886666666667,1.8474527777777776,9.486,0.208,1440
2007-03-06,20.775,0.865625,6.508,0.202,1440
2007-03-07,39.58676666666667,1.6494486111111113,5.98,0.204,1440
2007-03-08,26.202199999999998,1.0917583333333334,6.354,0.224,1440
2007-03-09,21.2102,0.8837583333333334,5.444,0.22,1440
2007-03-10,41.41186666666667,1.7254944444444444,6.35,0.22,1440
2007-03-11,58.010600000000004,2.417108333333333,7.142,0.228,1440
2007-03-12,32.51113333333333,1.3546305555555556,6.078,0.216,1440
2007-03-13,21.5024,0.8959333333333334,5.77,0.212,1440
2007-03-14,29.889400000000002,1.2453916666666667,6.114,0.224,1440
2007-03-15,31.413566666666668,1.3088986111111112,4.574,0.21,1440
2007-03-16,28.36756666666667,1.1819819444444446,5.342,0.222,1440
2007-03-17,33.801500000000004,1.4083958333333333,5.642,0.206,1440
2007-03-18,39.51743333333333,1.6465597222222221,7.994,0.226,1440
2007-03-19,35.875299999999996,1.4948041666666667,7.452,0.214,1440
2007-03-20,34.770466666666664,1.4487694444444446,6.55,0.216,1440
2007-03-21,35.70153333333333,1.487563888888889,5.88,0.218,1440
2007-03-22,24.249633333333335,1.010401388888889,5.744,0.202,1440
2007-03-23,21.8168,0.9090333333333334,4.314,0.204,1440
2007-03-24,49.47383333333333,2.0614097222222223,7.186,0.2,1440
2007-03-25,55.60206666666667,2.318362751911049,7.918,0.242,1439
2007-03-26,23.60136666666667,0.9833902777777779,5.804,0.218,1440
2007-03-27,18.419,0.7674583333333334,5.938,0.212,1440
2007-03-28,38.898300000000006,1.6207625,6.714,0.218,1440
2007-03-29,26.506766666666667,1.1044486111111111,6.49,0.212,1440
2007-03-30,23.37323333333333,0.9738847222222222,5.098,0.214,1440
2007-03-31,58.49183333333333,2.4371597222222223,7.098,0.308,1440
2007-04-01,46.43253333333334,1.9346888888888887,8.16,0.222,1440
2007-04-02,32.679633333333335,1.3616513888888888,6.338,0.206,1440
2007-04-03,27.380333333333333,1.1408472222222221,7.928,0.21,1440
2007-04-04,34.1978,1.4249083333333332,6.266,0.212,1440
2007-04-05,30.734633333333335,1.2806097222222221,8.102,0.21,1440
2007-04-06,26.685666666666663,1.111902777777778,5.812,0.224,1440
2007-04-07,25.898733333333332,1.079113888888889,5.44,0.216,1440
2007-04-08,26.813599999999997,1.1172333333333333,3.598,0.208,1440
2007-04-09,16.682,0.6950833333333333,3.766,0.21,1440
2007-04-10,12.956066666666668,0.5398361111111112,3.076,0.212,1440
2007-04-11,14.791366666666667,0.6163069444444444,2.906,0.212,1440
2007-04-12,8.961766666666668,0.37340694444444444,1.542,0.21,1440
2007-04-13,9.1837,0.3826541666666667,1.466,0.21,1440
2007-04-14,9.2378,0.38490833333333335,1.526,0.212,1440
2007-04-15,12.102733333333333,0.5042805555555555,3.906,0.122,1440
2007-04-16,15.873166666666668,0.6613819444444444,6.026,0.124,1440
2007-04-17,20.395566666666667,0.8498152777777778,6.41,0.14,1440
2007-04-18,16.637433333333334,0.6932263888888889,6.054,0.122,1440
2007-04-19,17.1443,0.7143458333333332,5.798,0.128,1440
2007-04-20,13.709666666666667,0.5712361111111112,5.814,0.118,1440
2007-04-21,27.894266666666667,1.162261111111111,7.336,0.112,1440
2007-04-22,37.228566666666666,1.5511902777777777,6.958,0.138,1440
2007-04-23,17.5761,0.7323375,4.676,0.104,1440
2007-04-24,17.201666666666668,0.716736111111111,5.638,0.108,1440
2007-04-25,21.069366666666667,0.8778902777777778,4.602,0.106,1440
2007-04-26,21.257766666666665,0.8857402777777778,5.394,0.106,1440
2007-04-27,18.238866666666667,0.7599527777777778,4.658,0.104,1440
2007-04-28,0.37896666666666656,1.0827619047619048,1.478,0.488,21
2007-04-30,7.0137,0.73059375,3.966,0.138,576
2007-05-01,27.730966666666664,1.1554569444444445,6.096,0.126,1440
2007-05-02,16.724766666666667,0.6968652777777777,5.76,0.122,1440
2007-05-03,18.170633333333335,0.7571097222222223,4.712,0.106,1440
2007-05-04,16.635466666666666,0.6931444444444445,5.702,0.112,1440
2007-05-05,26.050866666666664,1.0854527777777778,5.642,0.11,1440
2007-05-06,35.035066666666665,1.4597944444444444,6.126,0.13,1440
2007-05-07,27.3944,1.1414333333333333,7.572,0.118,1440
2007-05-08,29.821533333333335,1.2425638888888888,7.672,0.128,1440
2007-05-09,27.762266666666665,1.1567611111111111,6.356,0.116,1440
2007-05-10,11.798066666666667,0.4915861111111111,4.276,0.112,1440
2007-05-11,16.319233333333333,0.6799680555555555,4.724,0.11,1440
2007-05-12,24.0261,1.0010875000000001,7.172,0.148,1440
2007-05-13,27.245633333333334,1.1352347222222223,5.562,0.142,1440
2007-05-14,24.463033333333332,1.0192930555555555,5.62,0.2,1440
2007-05-15,15.0732,0.62805,4.228,0.226,1440
2007-05-16,28.215733333333333,1.1756555555555555,5.64,0.206,1440
2007-05-17,20.53026666666667,0.8554277777777778,5.81,0.214,1440
2007-05-18,27.192166666666665,1.1330069444444444,6.126,0.206,1440
2007-05-19,23.824033333333333,0.9926680555555556,4.524,0.216,1440
2007-05-20,32.80546666666666,1.3668944444444444,5.344,0.218,1440
2007-05-21,18.6677,0.7778208333333333,4.572,0.206,1440
2007-05-22,18.88086666666667,0.7867027777777779,5.328,0.2,1440
2007-05-23,24.4156,1.0173166666666666,5.432,0.204,1440
2007-05-24,19.239800000000002,0.8016583333333333,5.462,0.204,1440
2007-05-25,26.903666666666666,1.1209861111111112,6.98,0.206,1440
2007-05-26,25.20413333333333,1.0501722222222223,4.974,0.216,1440
2007-05-27,35.8968,1.4957,6.776,0.218,1440
2007-05-28,27.291133333333335,1.1371305555555555,5.798,0.204,1440
2007-05-29,17.689,0.7370416666666666,4.226,0.206,1440
2007-05-30,26.8311,1.1179625,6.124,0.204,1440
2007-05-31,15.6425,0.6517708333333333,4.5,0.198,1440
2007-06-01,17.415300000000002,0.7261417651146629,5.354,0.204,1439
2007-06-02,24.739366666666665,1.0308069444444445,6.602,0.21,1440
2007-06-03,35.133766666666666,1.4639069444444444,6.79,0.218,1440
2007-06-04,15.193633333333333,0.6330680555555556,4.452,0.18,1440
2007-06-05,24.314866666666667,1.0131194444444445,5.518,0.182,1440
2007-06-06,28.2273,1.176954829742877,5.326,0.176,1439
2007-06-07,16.416700000000002,0.6840291666666667,3.682,0.17,1440
2007-06-08,35.80076666666667,1.491698611111111,7.614,0.172,1440
2007-06-09,17.663566666666668,0.7559300998573467,4.548,0.19,1402
2007-06-10,22.346866666666664,0.9311194444444444,5.842,0.1,1440
2007-06-11,13.244233333333334,0.5518430555555556,5.044,0.11,1440
2007-06-12,15.312766666666667,0.6380319444444444,6.092,0.096,1440
2007-06-13,15.454533333333334,0.643938888888889,4.652,0.098,1440
2007-06-14,20.984733333333335,0.8743638888888889,6.476,0.096,1440
2007-06-15,16.4934,0.687225,5.376,0.084,1440
2007-06-16,33.62936666666667,1.4012236111111112,4.928,0.098,1440
2007-06-17,32.451499999999996,1.3521458333333334,6.436,0.098,1440
2007-06-18,11.3079,0.47116250000000004,4.638,0.084,1440
2007-06-19,14.039333333333332,0.5857858136300418,5.202,0.084,1438
2007-06-20,17.904766666666667,0.7460319444444445,6.496,0.082,1440
2007-06-21,13.4491,0.5603791666666667,6.522,0.106,1440
2007-06-22,9.438233333333333,0.3932597222222222,4.22,0.116,1440
2007-06-23,7.959433333333333,0.33164305555555557,2.926,0.118,1440
2007-06-24,11.910933333333332,0.49628888888888884,3.34,0.12,1440
2007-06-25,17.870033333333332,0.7445847222222223,7.164,0.112,1440
2007-06-26,15.748466666666667,0.6561861111111111,7.29,0.118,1440
2007-06-27,24.680433333333333,1.0283513888888889,7.436,0.122,1440
2007-06-28,21.59063333333333,0.8996097222222222,6.2,0.15,1440
2007-06-29,21.73663333333333,0.906322446143155,5.188,0.124,1439
2007-06-30,22.255233333333333,0.9273013888888889,6.376,0.126,1440
2007-07-01,17.111066666666666,0.7129611111111112,2.966,0.156,1440
2007-07-02,16.1172,0.67155,6.694,0.11,1440
2007-07-03,17.6652,0.73605,6.702,0.166,1440
2007-07-04,16.7235,0.6968125,5.346,0.144,1440
2007-07-05,17.6215,0.7342291666666666,5.564,0.124,1440
2007-07-06,17.825400000000002,0.7427250000000001,7.24,0.124,1440
2007-07-07,22.636766666666666,0.943198611111111,6.962,0.11,1440
2007-07-08,18.151333333333334,0.7563055555555555,6.17,0.13,1440
2007-07-09,19.6693,0.8195541666666666,5.914,0.134,1440
2007-07-10,15.138733333333334,0.6307805555555556,6.284,0.124,1440
2007-07-11,12.039200000000001,0.5016333333333333,4.166,0.12,1440
2007-07-12,17.826366666666665,0.7427652777777779,5.822,0.128,1440
2007-07-13,13.2397,0.5516541666666667,5.456,0.132,1440
2007-07-14,21.4695,0.8945625,4.874,0.116,1440
2007-07-15,15.283733333333334,0.700018320610687,3.71,0.138,1310
2007-07-16,14.2279,0.5928291666666666,4.35,0.124,1440
2007-07-17,11.993866666666667,0.49974444444444444,3.67,0.116,1440
2007-07-18,12.618033333333333,0.5257513888888888,5.104,0.112,1440
2007-07-19,11.2981,0.47075416666666664,4.222,0.116,1440
2007-07-20,18.507033333333332,0.771126388888889,5.686,0.116,1440
2007-07-21,17.6708,0.7362833333333334,4.724,0.11,1440
2007-07-22,22.929566666666666,0.9560625434329396,6.596,0.12,1439
2007-07-23,16.516966666666665,0.6882069444444444,5.518,0.116,1440
2007-07-24,13.754733333333334,0.5731138888888889,3.052,0.11,1440
2007-07-25,7.876,0.32816666666666666,3.946,0.122,1440
2007-07-26,15.408333333333333,0.6420138888888889,5.476,0.112,1440
2007-07-27,20.041900000000002,0.8350791666666666,4.608,0.112,1440
2007-07-28,27.031033333333333,1.1262930555555557,5.802,0.102,1440
2007-07-29,5.351933333333333,0.2229972222222222,1.298,0.098,1440
2007-07-30,7.780266666666666,0.3241777777777778,4.1,0.098,1440
2007-07-31,13.538866666666664,0.5641194444444444,3.848,0.098,1440
2007-08-01,17.6723,0.7472431289640592,3.71,0.1,1419
2007-08-02,16.990266666666667,0.7079277777777778,3.596,0.1,1440
2007-08-03,17.722733333333334,0.7384472222222223,4.548,0.102,1440
2007-08-04,19.083166666666664,0.7951319444444445,3.64,0.098,1440
2007-08-05,13.1183,0.5465958333333333,4.294,0.1,1440
2007-08-06,18.162,0.75675,5.146,0.102,1440
2007-08-07,24.726333333333333,1.0302638888888889,4.778,0.098,1440
2007-08-08,18.758033333333337,0.7815847222222222,5.702,0.102,1440
2007-08-09,17.861333333333334,0.7442222222222222,6.332,0.1,1440
2007-08-10,17.133499999999998,0.7138958333333333,5.572,0.102,1440
2007-08-11,18.194166666666668,0.7580902777777778,5.602,0.102,1440
2007-08-12,20.6984,0.8624333333333334,7.548,0.102,1440
2007-08-13,19.216866666666668,0.8007027777777778,3.36,0.1,1440
2007-08-14,15.6865,0.6536041666666667,5.534,0.102,1440
2007-08-15,19.86433333333333,0.8276805555555555,6.508,0.106,1440
2007-08-16,15.974933333333333,0.6656222222222222,4.146,0.104,1440
2007-08-17,16.831533333333333,0.7013138888888888,5.142,0.1,1440
2007-08-18,5.799333333333333,0.24163888888888888,1.384,0.102,1440
2007-08-19,23.7049,0.9877041666666667,6.63,0.102,1440
2007-08-20,22.314033333333334,0.929751388888889,5.084,0.11,1440
2007-08-21,10.709266666666666,0.44621944444444445,4.96,0.104,1440
2007-08-22,20.163466666666665,0.8401444444444445,5.332,0.108,1440
2007-08-23,18.538533333333334,0.7724388888888888,5.17,0.106,1440
2007-08-24,27.60356666666667,1.1509478804725504,8.694,0.112,1439
2007-08-25,19.181333333333335,0.7992222222222223,6.796,0.112,1440
2007-08-26,21.915100000000002,0.9131291666666667,8.166,0.114,1440
2007-08-27,20.195500000000003,0.8414791666666667,5.194,0.114,1440
2007-08-28,16.616733333333336,0.6923638888888889,4.104,0.108,1440
2007-08-29,12.466533333333334,0.5194388888888889,4.292,0.108,1440
2007-08-30,20.04096666666667,0.8350402777777778,5.018,0.106,1440
2007-08-31,21.33036666666667,0.8887652777777777,5.164,0.104,1440
2007-09-01,28.3581,1.1815875,4.934,0.11,1440
2007-09-02,27.7078,1.1544916666666667,5.306,0.098,1440
2007-09-03,17.315366666666666,0.7214736111111111,5.002,0.118,1440
2007-09-04,26.415733333333336,1.1006555555555555,5.868,0.12,1440
2007-09-05,20.60953333333333,0.8587305555555554,7.98,0.112,1440
2007-09-06,15.024566666666669,0.6260236111111112,5.748,0.11,1440
2007-09-07,22.27493333333333,0.9281222222222223,5.656,0.108,1440
2007-09-08,24.495866666666668,1.020661111111111,5.896,0.112,1440
2007-09-09,27.991699999999998,1.1663208333333333,5.69,0.122,1440
2007-09-10,18.622933333333332,0.7759555555555555,6.106,0.106,1440
2007-09-11,16.392866666666666,0.6830361111111111,4.736,0.106,1440
2007-09-12,21.462733333333333,0.8942805555555555,6.18,0.114,1440
2007-09-13,19.106366666666666,0.7960986111111111,6.752,0.106,1440
2007-09-14,18.924500000000002,0.7885208333333333,5.246,0.118,1440
2007-09-15,18.2552,0.7606333333333333,5.452,0.124,1440
2007-09-16,27.537066666666668,1.1473777777777778,6.04,0.11,1440
2007-09-17,24.353099999999998,1.0147125,8.11,0.11,1440
2007-09-18,19.458666666666666,0.8107777777777778,5.242,0.106,1440
2007-09-19,21.64473333333333,0.9018638888888889,5.992,0.106,1440
2007-09-20,20.925533333333334,0.8718972222222222,6.148,0.106,1440
2007-09-21,20.64633333333333,0.8602638888888888,6.406,0.104,1440
2007-09-22,19.602866666666664,0.8167861111111111,5.804,0.11,1440
2007-09-23,23.632833333333334,0.9847013888888889,5.098,0.112,1440
2007-09-24,22.575499999999998,0.9406458333333333,6.81,0.108,1440
2007-09-25,29.4057,1.2252375,5.85,0.11,1440
2007-09-26,30.371066666666664,1.267221140472879,7.03,0.2,1438
2007-09-27,23.21,0.9670833333333333,5.786,0.202,1440
2007-09-28,28.008300000000002,1.1670125,7.244,0.204,1440
2007-09-29,38.27536666666667,1.5948069444444444,7.592,0.214,1440
2007-09-30,25.271499999999996,1.0529791666666666,4.17,0.21,1440
2007-10-01,28.682033333333333,1.1950847222222223,7.624,0.194,1440
2007-10-02,36.647733333333335,1.526988888888889,6.034,0.2,1440
2007-10-03,21.340899999999998,0.8892041666666667,5.604,0.202,1440
2007-10-04,25.307633333333335,1.0544847222222222,6.446,0.202,1440
2007-10-05,23.234866666666665,0.9681194444444445,5.038,0.202,1440
2007-10-06,29.270666666666664,1.2196111111111112,6.252,0.202,1440
2007-10-07,35.1019,1.4625791666666668,6.16,0.25,1440
2007-10-08,18.254033333333332,0.7605847222222222,5.372,0.22,1440
2007-10-09,28.130966666666666,1.172123611111111,6.796,0.214,1440
2007-10-10,19.449533333333335,0.8103972222222222,6.722,0.212,1440
2007-10-11,28.8741,1.2030874999999999,6.426,0.214,1440
2007-10-12,31.9084,1.3295166666666667,5.688,0.218,1440
2007-10-13,32.11213333333333,1.3380055555555557,9.036,0.216,1440
2007-10-14,34.3542,1.431425,7.884,0.218,1440
2007-10-15,21.105500000000003,0.8793958333333333,4.846,0.216,1440
2007-10-16,32.740700000000004,1.3641958333333333,7.152,0.21,1440
2007-10-17,26.28216666666667,1.0950902777777778,6.9,0.208,1440
2007-10-18,25.308833333333332,1.054534722222222,5.78,0.226,1440
2007-10-19,34.7608,1.4483666666666668,6.192,0.218,1440
2007-10-20,27.670766666666665,1.1529486111111111,5.57,0.22,1440
2007-10-21,32.36566666666667,1.3485694444444445,7.44,0.22,1440
2007-10-22,27.548266666666667,1.1478444444444444,5.326,0.216,1440
2007-10-23,32.577466666666666,1.3592823365785813,8.498,0.218,1438
2007-10-24,31.093933333333332,1.2955805555555555,5.826,0.218,1440
2007-10-25,30.898633333333336,1.2874430555555554,6.544,0.198,1440
2007-10-26,23.959466666666668,0.9983111111111111,5.802,0.386,1440
2007-10-27,29.761466666666664,1.2400611111111113,6.678,0.196,1440
2007-10-28,8.535966666666667,0.3556652777777778,1.516,0.196,1440
2007-10-29,9.090466666666666,0.37876944444444444,1.606,0.194,1440
2007-10-30,13.5168,0.5632,7.922,0.196,1440
2007-10-31,21.386833333333335,0.8911180555555556,6.206,0.196,1440
2007-11-01,8.270266666666666,0.3445944444444444,1.444,0.196,1440
2007-11-02,24.060033333333337,1.002501388888889,5.582,0.194,1440
2007-11-03,8.209166666666665,0.3420486111111111,1.504,0.194,1440
2007-11-04,24.761433333333336,1.0317263888888888,5.506,0.196,1440
2007-11-05,25.009866666666667,1.0420777777777779,3.844,0.218,1440
2007-11-06,34.7063,1.4460958333333334,5.844,0.218,1440
2007-11-07,30.745966666666668,1.2810819444444446,6.456,0.216,1440
2007-11-08,25.017666666666663,1.0424027777777778,6.46,0.224,1440
2007-11-09,36.1871,1.5077958333333334,7.046,0.22,1440
2007-11-10,43.52666666666667,1.813611111111111,6.622,0.222,1440
2007-11-11,31.452066666666667,1.3105027777777778,9.326,0.246,1440
2007-11-12,35.935766666666666,1.4973236111111112,8.026,0.242,1440
2007-11-13,36.90663333333333,1.537776388888889,8.848,0.222,1440
2007-11-14,34.13323333333334,1.4222180555555555,4.604,0.226,1440
2007-11-15,24.866466666666668,1.0361027777777778,4.874,0.212,1440
2007-11-16,38.4959,1.6039958333333333,6.606,0.224,1440
2007-11-17,43.50156666666666,1.8125652777777779,6.498,0.216,1440
2007-11-18,36.39763333333333,1.5165680555555556,6.41,0.222,1440
2007-11-19,28.727566666666668,1.1969819444444445,6.078,0.218,1440
2007-11-20,34.93093333333333,1.4554555555555557,6.26,0.218,1440
2007-11-21,29.197266666666664,1.217398193189715,5.954,0.216,1439
2007-11-22,32.2063,1.3419291666666666,7.96,0.22,1440
2007-11-23,42.04363333333333,1.7518180555555556,7.308,0.214,1440
2007-11-24,31.6509,1.3187875,6.068,0.214,1440
2007-11-25,23.259966666666667,0.9691652777777777,6.456,0.214,1440
2007-11-26,26.16193333333333,1.0900805555555555,6.34,0.214,1440
2007-11-27,46.68353333333333,1.9451472222222224,7.212,0.22,1440
2007-11-28,27.415666666666667,1.1423194444444444,5.75,0.224,1440
2007-11-29,28.65383333333333,1.194739402362752,5.144,0.216,1439
2007-11-30,38.86213333333333,1.6192555555555557,7.446,0.214,1440
2007-12-01,52.24903333333333,2.1770430555555556,7.738,0.214,1440
2007-12-02,49.10313333333333,2.045963888888889,8.594,0.196,1440
2007-12-03,29.367666666666665,1.2236527777777777,6.33,0.22,1440
2007-12-04,34.4606,1.4358583333333332,7.448,0.22,1440
2007-12-05,35.885333333333335,1.4952222222222222,7.604,0.242,1440
2007-12-06,41.46556666666666,1.7277319444444446,6.838,0.222,1440
2007-12-07,29.483600000000003,1.2284833333333334,7.154,0.222,1440
2007-12-08,36.89006666666667,1.5370861111111112,6.222,0.222,1440
2007-12-09,37.909733333333335,1.5795722222222222,8.054,0.214,1440
2007-12-10,29.31256666666667,1.2213569444444443,7.312,0.214,1440
2007-12-11,38.4184,1.6007666666666664,6.56,0.214,1440
2007-12-12,26.4677,1.1028208333333334,5.256,0.208,1440
2007-12-13,30.79576666666667,1.2831569444444446,6.1,0.216,1440
2007-12-14,32.913466666666665,1.3713944444444444,9.224,0.224,1440
2007-12-15,45.6146,1.9006083333333335,8.784,0.224,1440
2007-12-16,46.03696666666666,1.9182069444444443,7.908,0.216,1440
2007-12-17,29.951099999999997,1.2488297428769979,6.796,0.208,1439
2007-12-18,43.7199,1.8216625,7.226,0.212,1440
2007-12-19,36.60086666666667,1.5250361111111113,5.892,0.214,1440
2007-12-20,32.49596666666666,1.353998611111111,5.552,0.206,1440
2007-12-21,33.04293333333333,1.3767888888888888,6.486,0.22,1440
2007-12-22,43.52106666666666,1.8133777777777778,8.526,0.22,1440
2007-12-23,40.150800000000004,1.67295,9.686,0.228,1440
2007-12-24,37.6308,1.56795,6.382,0.224,1440
2007-12-25,44.916133333333335,1.8715055555555555,6.756,0.224,1440
2007-12-26,43.004666666666665,1.7918611111111113,6.394,0.23,1440
2007-12-27,42.2033,1.7584708333333332,7.924,0.244,1440
2007-12-28,51.8842,2.1618416666666667,9.59,0.238,1440
2007-12-29,54.982600000000005,2.290941666666667,6.608,0.226,1440
2007-12-30,42.6486,1.777025,7.364,0.22,1440
2007-12-31,36.942366666666665,1.5392652777777778,6.158,0.226,1440
2008-01-01,45.99563333333333,1.916484722222222,5.686,0.226,1440
2008-01-02,27.401766666666667,1.1417402777777779,5.6,0.278,1440
2008-01-03,25.168466666666667,1.048686111111111,5.662,0.234,1440
2008-01-04,38.19753333333333,1.5915638888888888,6.324,0.228,1440
2008-01-05,36.38746666666667,1.5161444444444445,5.326,0.226,1440
2008-01-06,30.419733333333333,1.2674888888888889,6.376,0.22,1440
2008-01-07,28.263566666666666,1.177648611111111,5.864,0.212,1440
2008-01-08,34.05916666666666,1.4191319444444443,7.296,0.212,1440
2008-01-09,29.807333333333336,1.2419722222222223,7.54,0.214,1440
2008-01-10,31.56793333333333,1.3153305555555557,5.124,0.224,1440
2008-01-11,28.430300000000003,1.1845958333333333,4.692,0.222,1440
2008-01-12,47.8568,1.9940333333333333,8.282,0.388,1440
2008-01-13,48.0276,2.0025406532314105,6.922,0.218,1439
2008-01-14,33.748866666666665,1.4062027777777777,8.362,0.22,1440
2008-01-15,44.781866666666666,1.865911111111111,8.666,0.33,1440
2008-01-16,35.59753333333333,1.4832305555555554,5.312,0.32,1440
2008-01-17,26.204700000000003,1.0918625,6.0,0.312,1440
2008-01-18,36.449799999999996,1.5187416666666667,5.55,0.23,1440
2008-01-19,33.0051,1.3752125,6.33,0.216,1440
2008-01-20,29.006133333333334,1.208588888888889,5.106,0.23,1440
2008-01-21,30.9833,1.2909708333333334,5.36,0.324,1440
2008-01-22,38.7503,1.6145958333333335,8.12,0.316,1440
2008-01-23,31.371800000000004,1.3071583333333334,5.306,0.22,1440
2008-01-24,27.417033333333336,1.142376388888889,5.54,0.216,1440
2008-01-25,37.330933333333334,1.5554555555555558,5.522,0.32,1440
2008-01-26,47.24979999999999,1.9687416666666666,9.666,0.322,1440
2008-01-27,39.6961,1.6540041666666667,10.162,0.226,1440
2008-01-28,38.46993333333333,1.6029138888888887,4.816,0.318,1440
2008-01-29,44.6004,1.85835,7.962,0.328,1440
2008-01-30,27.3441,1.1393375,6.134,0.314,1440
2008-01-31,32.56536666666666,1.3568902777777778,6.188,0.322,1440
2008-02-01,25.57753333333333,1.0657305555555556,6.56,0.214,1440
2008-02-02,48.9339,2.040329395413482,8.716,0.222,1439
2008-02-03,34.742799999999995,1.4476166666666668,5.5,0.216,1440
2008-02-04,27.13563333333333,1.130651388888889,5.108,0.21,1440
2008-02-05,41.2076,1.7169833333333335,7.706,0.216,1440
2008-02-06,27.825666666666663,1.1594027777777778,5.764,0.202,1440
2008-02-07,25.30516666666667,1.0543819444444444,5.796,0.214,1440
2008-02-08,32.5094,1.3545583333333333,5.364,0.222,1440
2008-02-09,35.037933333333335,1.4599138888888887,5.912,0.21,1440
2008-02-10,36.4119,1.5171625,6.726,0.216,1440
2008-02-11,28.20026666666667,1.1750111111111112,5.864,0.216,1440
2008-02-12,33.12996666666667,1.3804152777777778,5.736,0.216,1440
2008-02-13,31.674966666666666,1.319790277777778,5.484,0.22,1440
2008-02-14,26.7437,1.1143208333333334,5.564,0.21,1440
2008-02-15,33.42013333333333,1.3925055555555557,6.916,0.208,1440
2008-02-16,39.11579999999999,1.6298249999999999,4.92,0.242,1440
2008-02-17,32.2228,1.3426166666666666,6.116,0.22,1440
2008-02-18,25.240066666666667,1.0516694444444445,5.916,0.218,1440
2008-02-19,35.4486,1.477025,5.718,0.234,1440
2008-02-20,37.56316666666667,1.5651319444444445,8.136,0.224,1440
2008-02-21,27.230833333333333,1.1346180555555554,5.246,0.214,1440
2008-02-22,28.876066666666663,1.2031694444444445,6.686,0.222,1440
2008-02-23,30.566166666666668,1.2753616133518777,7.694,0.216,1438
2008-02-24,21.05013333333333,0.8770888888888889,4.94,0.202,1440
2008-02-25,8.408133333333334,0.35033888888888887,1.5,0.204,1440
2008-02-26,8.451999999999998,0.3521666666666667,1.454,0.202,1440
2008-02-27,9.445333333333334,0.39355555555555555,1.52,0.204,1440
2008-02-28,8.4864,0.35359999999999997,1.442,0.204,1440
2008-02-29,22.222466666666666,0.9259361111111111,3.88,0.204,1440
2008-03-01,19.031266666666667,0.7929694444444444,4.038,0.478,1440
2008-03-02,19.370433333333335,0.8071013888888889,5.13,0.204,1440
2008-03-03,17.3425,0.7226041666666666,2.92,0.488,1440
2008-03-04,27.816499999999998,1.1590208333333334,6.606,0.218,1440
2008-03-05,33.95346666666667,1.4147277777777778,8.336,0.21,1440
2008-03-06,41.72013333333334,1.7383388888888889,6.924,0.22,1440
2008-03-07,31.049266666666668,1.2937194444444444,6.686,0.208,1440
2008-03-08,37.47766666666667,1.5615694444444443,7.224,0.26,1440
2008-03-09,26.007633333333334,1.083651388888889,5.83,0.246,1440
2008-03-10,26.978099999999998,1.1240875,5.38,0.218,1440
2008-03-11,36.667366666666666,1.5278069444444444,8.662,0.216,1440
2008-03-12,29.57053333333333,1.2321055555555556,5.696,0.212,1440
2008-03-13,27.92523333333333,1.1635513888888889,7.778,0.202,1440
2008-03-14,36.837,1.5348749999999998,6.096,0.212,1440
2008-03-15,26.27166666666667,1.0946527777777777,5.094,0.22,1440
2008-03-16,30.032666666666664,1.2513611111111111,6.728,0.22,1440
2008-03-17,28.448633333333333,1.1853597222222223,5.844,0.216,1440
2008-03-18,31.959433333333337,1.3316430555555556,6.766,0.216,1440
2008-03-19,21.807466666666663,0.9086444444444445,4.518,0.214,1440
2008-03-20,20.887900000000002,0.8703291666666667,4.492,0.216,1440
2008-03-21,34.44070000000001,1.4350291666666666,8.126,0.216,1440
2008-03-22,34.22526666666667,1.4260527777777778,6.086,0.216,1440
2008-03-23,38.7665,1.6152708333333332,7.564,0.222,1440
2008-03-24,32.91113333333333,1.3722501737317583,6.978,0.216,1439
2008-03-25,33.5976,1.3999,6.62,0.22,1440
2008-03-26,27.224533333333333,1.1343555555555556,5.528,0.218,1440
2008-03-27,22.847033333333336,0.9519597222222222,4.754,0.214,1440
2008-03-28,31.42373333333333,1.3093222222222223,5.33,0.208,1440
2008-03-29,41.185833333333335,1.716076388888889,6.94,0.218,1440
2008-03-30,35.7732,1.4905499999999998,5.634,0.21,1440
2008-03-31,22.9595,0.9566458333333333,5.914,0.224,1440
2008-04-01,35.4842,1.4785083333333335,6.32,0.228,1440
2008-04-02,28.194533333333332,1.1747722222222223,5.322,0.22,1440
2008-04-03,18.8126,0.7838583333333334,6.066,0.21,1440
2008-04-04,27.198633333333333,1.1332763888888888,5.458,0.21,1440
2008-04-05,32.84603333333334,1.3685847222222223,5.354,0.21,1440
2008-04-06,28.271966666666668,1.1779986111111111,6.16,0.252,1440
2008-04-07,25.6473,1.0686375,5.228,0.258,1440
2008-04-08,44.29193333333333,1.8454972222222223,6.768,0.254,1440
2008-04-09,20.3142,0.8464250000000001,6.398,0.248,1440
2008-04-10,24.6291,1.0262125,6.382,0.246,1440
2008-04-11,31.2944,1.3039333333333334,6.082,0.248,1440
2008-04-12,46.6669,1.9444541666666668,9.482,0.252,1440
2008-04-13,37.21643333333333,1.5506847222222222,6.342,0.252,1440
2008-04-14,26.493033333333333,1.1038763888888887,6.89,0.266,1440
2008-04-15,27.8401,1.1600041666666667,7.394,0.26,1440
2008-04-16,24.817733333333333,1.0340722222222223,4.48,0.252,1440
2008-04-17,23.264366666666668,0.9693486111111111,5.736,0.252,1440
2008-04-18,31.039833333333334,1.293326388888889,8.244,0.254,1440
2008-04-19,37.561833333333325,1.565076388888889,5.354,0.26,1440
2008-04-20,29.856966666666672,1.2440402777777777,8.268,0.25,1440
2008-04-21,19.4026,0.8084416666666666,4.152,0.248,1440
2008-04-22,27.12793333333333,1.1303305555555556,5.808,0.248,1440
2008-04-23,22.622133333333334,0.9425888888888889,4.678,0.252,1440
2008-04-24,17.3962,0.7248416666666666,4.08,0.244,1440
2008-04-25,21.1289,0.8803708333333333,5.438,0.244,1440
2008-04-26,15.052766666666667,0.6271986111111112,4.078,0.242,1440
2008-04-27,16.804000000000002,0.7001666666666667,3.734,0.246,1440
2008-04-28,10.984200000000001,0.457675,1.984,0.246,1440
2008-04-29,32.87693333333333,1.3698722222222222,8.264,0.24,1440
2008-04-30,18.362099999999998,0.7650874999999999,5.038,0.242,1440
2008-05-01,9.600233333333332,0.40000972222222225,1.5,0.24,1440
2008-05-02,24.962799999999998,1.0401166666666666,5.85,0.24,1440
2008-05-03,21.493333333333332,0.8955555555555554,5.166,0.246,1440
2008-05-04,24.516166666666663,1.0215069444444445,6.576,0.248,1440
2008-05-05,22.7822,0.9492583333333333,5.858,0.252,1440
2008-05-06,29.833000000000002,1.2430416666666666,7.294,0.25,1440
2008-05-07,19.6044,0.81685,5.404,0.252,1440
2008-05-08,35.2783,1.4699291666666665,4.718,0.25,1440
2008-05-09,29.121199999999998,1.2133833333333333,5.32,0.25,1440
2008-05-10,31.818800000000003,1.3257833333333333,6.902,0.248,1440
2008-05-11,26.848666666666666,1.1186944444444444,4.198,0.158,1440
2008-05-12,25.403399999999998,1.058475,5.604,0.16,1440
2008-05-13,24.6149,1.0256208333333334,6.748,0.156,1440
2008-05-14,26.404366666666668,1.1001819444444445,4.332,0.162,1440
2008-05-15,19.379466666666666,0.8074777777777778,4.106,0.158,1440
2008-05-16,27.467166666666664,1.14605702364395,6.542,0.154,1438
2008-05-17,27.624233333333336,1.1510097222222222,5.9,0.164,1440
2008-05-18,30.065966666666668,1.2527486111111112,7.782,0.16,1440
2008-05-19,17.171033333333334,0.7154597222222222,4.388,0.154,1440
2008-05-20,26.355566666666668,1.0981486111111112,8.944,0.158,1440
2008-05-21,22.06853333333333,0.9195222222222222,4.98,0.154,1440
2008-05-22,16.281133333333333,0.6783805555555555,3.994,0.152,1440
2008-05-23,24.748600000000003,1.0311916666666667,5.196,0.152,1440
2008-05-24,26.336266666666667,1.0973444444444445,6.052,0.156,1440
2008-05-25,34.141733333333335,1.4225722222222221,6.538,0.172,1440
2008-05-26,21.495166666666666,0.8956319444444445,4.828,0.17,1440
2008-05-27,28.47833333333333,1.1865972222222223,7.044,0.16,1440
2008-05-28,18.572866666666666,0.7738694444444445,4.686,0.156,1440
2008-05-29,18.917933333333334,0.7882472222222222,4.576,0.158,1440
2008-05-30,23.2874,0.9703083333333333,6.216,0.158,1440
2008-05-31,27.357833333333332,1.1399097222222223,6.044,0.156,1440
2008-06-01,30.8146,1.2839416666666668,4.954,0.16,1440
2008-06-02,17.9002,0.7458416666666666,4.454,0.154,1440
2008-06-03,26.630266666666667,1.1095944444444445,6.758,0.148,1440
2008-06-04,26.48186666666667,1.1034111111111111,5.672,0.154,1440
2008-06-05,18.66796666666667,0.7778319444444445,4.304,0.146,1440
2008-06-06,20.295233333333336,0.8456347222222221,5.964,0.156,1440
2008-06-07,31.37473333333333,1.3072805555555556,6.022,0.226,1440
2008-06-08,25.705366666666663,1.0710569444444444,7.578,0.152,1440
2008-06-09,22.094966666666664,0.9206236111111111,6.014,0.158,1440
2008-06-10,17.78483333333333,0.7410347222222222,4.378,0.154,1440
2008-06-11,18.720100000000002,0.7800041666666666,4.32,0.152,1440
2008-06-12,20.988866666666667,0.8745361111111112,4.816,0.166,1440
2008-06-13,31.238,1.3024878387769283,5.486,0.154,1439
2008-06-14,23.082,0.9617500000000001,5.58,0.248,1440
2008-06-15,38.1517,1.5896541666666666,6.252,0.154,1440
2008-06-16,21.717399999999998,0.9048916666666668,5.29,0.146,1440
2008-06-17,19.084733333333332,0.7951972222222222,4.524,0.088,1440
2008-06-18,31.56013333333333,1.3150055555555555,5.906,0.136,1440
2008-06-19,26.46803333333333,1.1028347222222221,7.52,0.136,1440
2008-06-20,27.935066666666668,1.1639611111111112,5.992,0.134,1440
2008-06-21,28.90423333333333,1.2043430555555554,6.368,0.136,1440
2008-06-22,26.10693333333333,1.087788888888889,4.922,0.134,1440
2008-06-23,20.863266666666668,0.8693027777777778,5.662,0.132,1440
2008-06-24,29.240866666666665,1.2183694444444444,5.798,0.134,1440
2008-06-25,21.0295,0.8762291666666666,4.542,0.132,1440
2008-06-26,17.60033333333333,0.7333472222222223,5.428,0.132,1440
2008-06-27,29.252533333333332,1.2188555555555556,6.366,0.132,1440
2008-06-28,20.14666666666667,0.8394444444444444,4.22,0.124,1440
2008-06-29,12.4892,0.5203833333333333,3.09,0.136,1440
2008-06-30,13.403266666666667,0.5584694444444445,4.166,0.136,1440
2008-07-01,20.253999999999998,0.8439166666666666,4.622,0.134,1440
2008-07-02,19.120033333333332,0.7966680555555555,4.842,0.136,1440
2008-07-03,18.306,0.7627499999999999,7.126,0.134,1440
2008-07-04,15.700333333333333,0.6541805555555555,3.454,0.14,1440
2008-07-05,24.4848,1.0202,5.904,0.136,1440
2008-07-06,30.084400000000002,1.2535166666666666,6.302,0.138,1440
2008-07-07,16.389833333333332,0.6829097222222222,4.052,0.136,1440
2008-07-08,18.770233333333334,0.7820930555555555,4.562,0.136,1440
2008-07-09,15.321966666666667,0.6384152777777777,4.298,0.136,1440
2008-07-10,20.854599999999998,0.8689416666666667,4.806,0.134,1440
2008-07-11,20.903599999999997,0.8709833333333332,4.896,0.134,1440
2008-07-12,22.147533333333335,0.9228138888888889,6.88,0.134,1440
2008-07-13,20.8959,0.8718734353268428,5.408,0.144,1438
2008-07-14,18.965433333333333,0.7902263888888889,4.324,0.146,1440
2008-07-15,19.264333333333333,0.8026805555555555,4.748,0.152,1440
2008-07-16,17.951033333333335,0.7479597222222222,6.98,0.152,1440
2008-07-17,21.985366666666664,0.9160569444444445,4.764,0.158,1440
2008-07-18,21.0264,0.8761,4.416,0.162,1440
2008-07-19,22.400233333333333,0.9333430555555555,5.376,0.144,1440
2008-07-20,15.692233333333334,0.6538430555555556,4.726,0.142,1440
2008-07-21,19.274633333333334,0.8031097222222223,5.938,0.144,1440
2008-07-22,12.337366666666668,0.5140569444444444,3.16,0.146,1440
2008-07-23,15.7105,0.6546041666666667,5.886,0.146,1440
2008-07-24,18.22416666666667,0.7593402777777778,4.574,0.15,1440
2008-07-25,14.425566666666665,0.6010652777777777,5.766,0.144,1440
2008-07-26,13.594733333333334,0.5664472222222222,4.398,0.144,1440
2008-07-27,19.123266666666666,0.7968027777777777,3.896,0.144,1440
2008-07-28,13.7634,0.573475,5.044,0.15,1440
2008-07-29,19.442633333333333,0.8101097222222222,3.976,0.348,1440
2008-07-30,21.665133333333333,0.9027138888888888,4.392,0.218,1440
2008-07-31,23.210633333333334,0.9671097222222221,5.368,0.15,1440
2008-08-01,12.326266666666665,0.5135944444444445,4.284,0.138,1440
2008-08-02,8.4296,0.35123333333333334,2.038,0.134,1440
2008-08-03,8.413033333333333,0.35054305555555554,1.95,0.132,1440
2008-08-04,18.765333333333334,0.7824322446143156,5.89,0.134,1439
2008-08-05,13.7853,0.5743875,5.796,0.078,1440
2008-08-06,5.4352,0.22646666666666668,0.976,0.078,1440
2008-08-07,5.5814,0.23255833333333334,1.05,0.078,1440
2008-08-08,5.036666666666666,0.2098611111111111,0.976,0.078,1440
2008-08-09,5.9820666666666655,0.24925277777777777,2.696,0.078,1440
2008-08-10,5.8672,0.24446666666666667,1.064,0.078,1440
2008-08-11,6.1986,0.258275,1.2,0.078,1440
2008-08-12,4.8164,0.20068333333333332,0.958,0.076,1440
2008-08-13,4.709733333333332,0.19623888888888888,0.962,0.078,1440
2008-08-14,4.504299999999999,0.18767916666666665,0.958,0.078,1440
2008-08-15,4.560899999999999,0.1900375,1.008,0.078,1440
2008-08-16,4.580233333333332,0.19084305555555556,1.12,0.08,1440
2008-08-17,4.579933333333333,0.19083055555555556,1.018,0.08,1440
2008-08-18,4.562633333333332,0.19010972222222222,0.934,0.08,1440
2008-08-19,4.5782,0.19075833333333334,0.946,0.078,1440
2008-08-20,4.474533333333333,0.18643888888888888,0.954,0.08,1440
2008-08-21,4.354966666666667,0.18145694444444443,0.926,0.078,1440
2008-08-22,4.452066666666667,0.1855027777777778,1.02,0.078,1440
2008-08-23,4.244033333333333,0.1768347222222222,1.02,0.078,1440
2008-08-24,4.245266666666667,0.1768861111111111,0.912,0.078,1440
2008-08-25,4.171633333333334,0.17381805555555555,0.958,0.078,1440
2008-08-26,4.292733333333333,0.1788638888888889,0.952,0.078,1440
2008-08-27,4.3019,0.17924583333333333,1.006,0.078,1440
2008-08-28,4.470766666666666,0.18628194444444443,1.18,0.076,1440
2008-08-29,4.4597999999999995,0.18582500000000002,0.924,0.078,1440
2008-08-30,4.507066666666667,0.18779444444444443,0.924,0.078,1440
2008-08-31,25.010233333333332,1.04281723419041,7.52,0.078,1439
2008-09-01,20.791833333333336,0.8663263888888889,4.184,0.142,1440
2008-09-02,23.069233333333333,0.9612180555555555,4.962,0.142,1440
2008-09-03,23.14143333333333,0.964226388888889,5.61,0.146,1440
2008-09-04,20.420333333333332,0.8508472222222222,7.02,0.144,1440
2008-09-05,14.565999999999999,0.6069166666666667,4.952,0.14,1440
2008-09-06,31.1429,1.2976208333333334,6.0,0.144,1440
2008-09-07,22.877599999999997,0.9532333333333333,6.146,0.168,1440
2008-09-08,21.822066666666665,0.9092527777777778,5.916,0.146,1440
2008-09-09,19.327566666666666,0.8053152777777778,5.02,0.144,1440
2008-09-10,21.6794,0.9033083333333333,5.858,0.142,1440
2008-09-11,17.14523333333333,0.7143847222222222,4.206,0.144,1440
2008-09-12,23.212699999999998,0.9671958333333333,6.29,0.142,1440
2008-09-13,27.1906,1.1329416666666665,6.306,0.144,1440
2008-09-14,26.2721,1.0946708333333333,5.128,0.176,1440
2008-09-15,28.295133333333336,1.178963888888889,5.278,0.228,1440
2008-09-16,20.36436666666667,0.8485152777777778,6.788,0.158,1440
2008-09-17,25.320166666666665,1.0550069444444445,5.91,0.152,1440
2008-09-18,25.088166666666666,1.0453402777777778,6.08,0.156,1440
2008-09-19,25.3141,1.0547541666666667,6.296,0.154,1440
2008-09-20,21.743333333333332,0.9059722222222222,4.202,0.15,1440
2008-09-21,25.551166666666667,1.0646319444444443,6.862,0.154,1440
2008-09-22,22.642733333333332,0.9434472222222223,7.318,0.154,1440
2008-09-23,20.546466666666667,0.8561027777777778,5.714,0.158,1440
2008-09-24,28.639166666666668,1.193298611111111,6.412,0.154,1440
2008-09-25,18.853666666666665,0.7855694444444444,5.774,0.146,1440
2008-09-26,23.8575,0.9940625000000001,6.012,0.148,1440
2008-09-27,35.45743333333333,1.4773930555555554,5.688,0.148,1440
2008-09-28,28.851733333333335,1.2021555555555556,5.992,0.164,1440
2008-09-29,25.02896666666667,1.0428736111111112,4.288,0.234,1440
2008-09-30,22.916766666666668,0.9548652777777779,5.532,0.23,1440
2008-10-01,31.206066666666665,1.3002527777777777,6.254,0.232,1440
2008-10-02,22.42236666666667,0.9342652777777778,6.048,0.22,1440
2008-10-03,26.87633333333333,1.1198472222222222,4.7,0.226,1440
2008-10-04,35.008266666666664,1.4586777777777777,5.57,0.244,1440
2008-10-05,25.8325,1.0763541666666667,5.698,0.24,1440
2008-10-06,23.729699999999998,0.9887374999999999,6.052,0.246,1440
2008-10-07,28.776133333333334,1.1990055555555554,6.536,0.25,1440
2008-10-08,31.0096,1.2920666666666667,5.112,0.248,1440
2008-10-09,33.061366666666665,1.3775569444444444,6.486,0.25,1440
2008-10-10,25.305633333333333,1.0544013888888888,5.952,0.236,1440
2008-10-11,27.8231,1.1592958333333334,6.362,0.232,1440
2008-10-12,31.799,1.3249583333333335,8.22,0.236,1440
2008-10-13,24.366266666666668,1.015261111111111,6.784,0.238,1440
2008-10-14,26.8176,1.1174,5.592,0.236,1440
2008-10-15,35.94826666666667,1.4978444444444445,6.496,0.292,1440
2008-10-16,26.394666666666666,1.0997777777777777,4.376,0.288,1440
2008-10-17,31.114766666666664,1.296448611111111,6.246,0.244,1440
2008-10-18,37.319833333333335,1.5549930555555556,7.146,0.238,1440
2008-10-19,32.865566666666666,1.3693986111111112,10.29,0.252,1440
2008-10-20,27.792566666666666,1.158023611111111,6.124,0.24,1440
2008-10-21,34.395266666666664,1.433136111111111,6.156,0.246,1440
2008-10-22,27.4335,1.1430625,5.174,0.242,1440
2008-10-23,30.508233333333337,1.2711763888888887,6.974,0.228,1440
2008-10-24,35.55376666666667,1.4814069444444444,7.978,0.24,1440
2008-10-25,25.385933333333334,1.0903049391553328,5.056,0.198,1397
2008-10-26,8.724866666666667,0.36353611111111106,1.518,0.2,1440
2008-10-27,8.731533333333333,0.36381388888888894,1.538,0.198,1440
2008-10-28,22.121499999999997,0.9217291666666666,5.018,0.198,1440
2008-10-29,26.876266666666666,1.1198444444444444,5.042,0.66,1440
2008-10-30,18.310000000000002,0.7629166666666666,2.626,0.2,1440
2008-10-31,21.430533333333333,0.892938888888889,3.178,0.192,1440
2008-11-01,13.841633333333332,0.5767347222222222,1.672,0.418,1440
2008-11-02,15.1769,0.6323708333333333,2.29,0.418,1440
2008-11-03,14.126666666666665,0.5886111111111111,2.682,0.25,1440
2008-11-04,26.0386,1.0849416666666667,7.816,0.25,1440
2008-11-05,52.24883333333334,2.177034722222222,8.862,0.258,1440
2008-11-06,26.47396666666667,1.1030819444444444,6.71,0.212,1440
2008-11-07,26.9864,1.1244333333333334,4.724,0.258,1440
2008-11-08,28.885633333333335,1.2035680555555555,5.978,0.256,1440
2008-11-09,42.975633333333334,1.7906513888888889,5.638,0.252,1440
2008-11-10,34.864666666666665,1.4587726638772665,5.672,0.262,1434
2008-11-11,40.932500000000005,1.7055208333333332,5.348,0.258,1440
2008-11-12,36.44156666666667,1.5205104311543811,7.072,0.268,1438
2008-11-13,20.641,0.8600416666666667,5.828,0.254,1440
2008-11-14,27.028966666666665,1.1262069444444445,4.898,0.256,1440
2008-11-15,50.527133333333325,2.105297222222222,7.732,0.256,1440
2008-11-16,39.42386666666667,1.642661111111111,6.466,0.22,1440
2008-11-17,25.393933333333333,1.0580805555555555,5.094,0.212,1440
2008-11-18,29.15083333333333,1.2146180555555555,7.71,0.26,1440
2008-11-19,30.670633333333335,1.2779430555555555,5.804,0.258,1440
2008-11-20,28.2056,1.1752333333333334,5.254,0.282,1440
2008-11-21,27.898833333333336,1.162451388888889,4.628,0.26,1440
2008-11-22,28.522799999999997,1.18845,7.366,0.258,1440
2008-11-23,56.75540000000001,2.36645170257123,8.556,0.256,1439
2008-11-24,53.54996666666666,2.231248611111111,7.73,0.64,1440
2008-11-25,45.0475,1.8769791666666666,6.734,0.21,1440
2008-11-26,25.2659,1.0527458333333333,5.956,0.204,1440
2008-11-27,39.3703,1.6404291666666666,7.468,0.204,1440
2008-11-28,31.43273333333333,1.3096972222222223,5.07,0.204,1440
2008-11-29,40.5778,1.6907416666666668,8.114,0.194,1440
2008-11-30,40.023133333333334,1.6676305555555555,10.348,0.21,1440
2008-12-01,26.9423,1.1225958333333332,5.932,0.276,1440
2008-12-02,29.890733333333333,1.2454472222222222,6.366,0.292,1440
2008-12-03,29.25273333333333,1.218863888888889,5.88,0.264,1440
2008-12-04,28.9773,1.2073874999999998,4.726,0.262,1440
2008-12-05,34.3103,1.4295958333333334,6.13,0.256,1440
2008-12-06,42.06393333333334,1.7526638888888888,7.494,0.206,1440
2008-12-07,41.11233333333333,1.7130138888888888,4.996,0.236,1440
2008-12-08,31.143933333333337,1.297663888888889,5.512,0.204,1440
2008-12-09,33.385733333333334,1.3910722222222223,7.136,0.206,1440
2008-12-10,35.18366666666667,1.540890510948905,6.07,0.208,1370
2008-12-11,23.875366666666668,0.9948069444444444,5.614,0.212,1440
2008-12-12,30.2589,1.2607875,5.202,0.21,1440
2008-12-13,30.426233333333336,1.2677597222222223,6.434,0.206,1440
2008-12-14,33.36866666666667,1.390361111111111,6.006,0.264,1440
2008-12-15,29.924166666666665,1.2468402777777778,4.94,0.264,1440
2008-12-16,29.9515,1.2479791666666666,6.164,0.268,1440
2008-12-17,34.97976666666666,1.4574902777777778,4.936,0.268,1440
2008-12-18,28.948999999999998,1.2062083333333333,5.266,0.214,1440
2008-12-19,31.368533333333335,1.3070222222222223,5.238,0.226,1440
2008-12-20,37.375033333333334,1.5583752605976373,6.224,0.218,1439
2008-12-21,44.06016666666667,1.8358402777777778,7.212,0.208,1440
2008-12-22,33.5968,1.3998666666666666,5.388,0.216,1440
2008-12-23,29.968133333333334,1.2486722222222222,6.8,0.21,1440
2008-12-24,21.160633333333333,0.8816930555555555,3.878,0.208,1440
2008-12-25,17.685299999999998,0.7368874999999999,4.814,0.2,1440
2008-12-26,20.395533333333333,0.8498138888888889,4.11,0.204,1440
2008-12-27,49.53606666666667,2.064002777777778,5.548,0.61,1440
2008-12-28,26.177366666666668,1.0907236111111112,4.08,0.2,1440
2008-12-29,9.254633333333334,0.38560972222222223,2.478,0.2,1440
2008-12-30,19.920633333333335,0.8300263888888889,4.14,0.2,1440
2008-12-31,32.736466666666665,1.3640194444444445,6.026,0.204,1440
2009-01-01,23.444866666666663,0.9768694444444445,8.584,0.204,1440
2009-01-02,38.79183333333333,1.616326388888889,7.6,0.218,1440
2009-01-03,31.8916,1.3288166666666668,6.698,0.204,1440
2009-01-04,32.33323333333333,1.3472180555555555,5.274,0.268,1440
2009-01-05,26.733333333333334,1.113888888888889,5.53,0.274,1440
2009-01-06,28.164366666666666,1.1735152777777778,6.038,0.268,1440
2009-01-07,34.6712,1.4446333333333332,6.256,0.278,1440
2009-01-08,27.22116666666667,1.1342152777777779,5.254,0.26,1440
2009-01-09,29.8117,1.2421541666666667,5.512,0.21,1440
2009-01-10,35.04913333333333,1.4603805555555556,8.78,0.206,1440
2009-01-11,32.93313333333334,1.3722138888888888,6.418,0.21,1440
2009-01-12,26.487966666666665,1.1036652777777778,4.552,0.208,1440
2009-01-13,36.376666666666665,1.5156944444444445,6.876,0.258,1440
2009-01-14,29.6047,1.2343863794301597,5.694,0.208,1439
2009-01-15,26.0678,1.0861583333333333,5.348,0.204,1440
2009-01-16,46.109233333333336,1.9212180555555556,8.108,0.256,1440
2009-01-17,55.297000000000004,2.304041666666667,6.738,0.3,1440
2009-01-18,52.569900000000004,2.1904125,7.594,0.212,1440
2009-01-19,28.3311,1.1804625,6.15,0.214,1440
2009-01-20,28.96713333333333,1.206963888888889,5.848,0.2,1440
2009-01-21,28.990566666666666,1.2079402777777777,6.08,0.206,1440
2009-01-22,20.6226,0.859275,3.43,0.256,1440
2009-01-23,31.842266666666664,1.326761111111111,5.952,0.266,1440
2009-01-24,36.679500000000004,1.5283125,8.556,0.214,1440
2009-01-25,47.3944,1.9747666666666668,9.59,0.212,1440
2009-01-26,27.907866666666667,1.1628277777777778,4.316,0.21,1440
2009-01-27,23.7505,0.9896041666666666,5.12,0.288,1440
2009-01-28,45.362233333333336,1.8900930555555555,6.87,0.214,1440
2009-01-29,26.228299999999997,1.0928458333333333,4.608,0.218,1440
2009-01-30,34.3173,1.4298875,5.46,0.23,1440
2009-01-31,55.214200000000005,2.3005916666666666,7.164,0.222,1440
2009-02-01,30.124333333333333,1.289201141226819,6.56,0.212,1402
2009-02-02,26.721666666666668,1.1134027777777777,7.17,0.206,1440
2009-02-03,31.139833333333332,1.2974930555555557,6.102,0.212,1440
2009-02-04,41.0154,1.708975,7.918,0.208,1440
2009-02-05,27.4848,1.1452,6.066,0.214,1440
2009-02-06,34.13993333333333,1.4224972222222223,5.702,0.254,1440
2009-02-07,52.19226666666667,2.1746777777777777,6.442,0.21,1440
2009-02-08,36.381099999999996,1.5158791666666667,6.266,0.214,1440
2009-02-09,28.443966666666668,1.1851652777777777,6.098,0.214,1440
2009-02-10,32.39703333333334,1.349876388888889,4.77,0.214,1440
2009-02-11,43.98983333333334,1.8329097222222221,7.852,0.216,1440
2009-02-12,32.811,1.3671250000000001,5.844,0.222,1440
2009-02-13,28.167033333333336,1.173626388888889,5.406,0.214,1440
2009-02-14,38.87656666666667,1.6221098748261475,6.286,0.212,1438
2009-02-15,26.433866666666667,1.1014111111111111,4.28,0.198,1440
2009-02-16,21.98323333333333,0.9159680555555555,4.422,0.204,1440
2009-02-17,13.028300000000002,0.5520466101694915,2.586,0.198,1416
2009-02-18,13.774166666666666,0.5739236111111111,1.582,0.198,1440
2009-02-19,12.287799999999999,0.5119916666666667,2.764,0.284,1440
2009-02-20,31.345600000000005,1.3060666666666667,6.322,0.218,1440
2009-02-21,21.9364,0.9140166666666667,3.71,0.228,1440
2009-02-22,37.30796666666667,1.5544986111111112,11.122,0.198,1440
2009-02-23,45.56093333333334,1.8983722222222221,7.694,0.234,1440
2009-02-24,29.719066666666663,1.2382944444444444,4.846,0.22,1440
2009-02-25,19.4974,0.8123916666666667,6.29,0.206,1440
2009-02-26,19.280866666666668,0.8033694444444445,2.884,0.208,1440
2009-02-27,33.81529999999999,1.4089708333333333,5.106,0.208,1440
2009-02-28,27.17916666666667,1.1324652777777777,6.788,0.268,1440
2009-03-01,41.1271,1.7148200138985408,6.714,0.256,1439
2009-03-02,24.624033333333333,1.0260013888888888,4.578,0.264,1440
2009-03-03,30.815866666666665,1.2839944444444444,8.31,0.258,1440
2009-03-04,30.702166666666663,1.2792569444444446,4.992,0.254,1440
2009-03-05,24.0302,1.0012583333333334,5.194,0.298,1440
2009-03-06,29.724566666666664,1.238523611111111,5.726,0.26,1440
2009-03-07,28.274433333333334,1.1781013888888887,5.468,0.254,1440
2009-03-08,39.286100000000005,1.6369208333333334,7.854,0.208,1440
2009-03-09,28.092599999999997,1.170525,4.758,0.22,1440
2009-03-10,30.603499999999997,1.2751458333333334,5.542,0.268,1440
2009-03-11,40.0984,1.6707666666666667,7.64,0.22,1440
2009-03-12,31.454333333333334,1.3105972222222222,5.602,0.214,1440
2009-03-13,24.092000000000002,1.0038333333333334,5.656,0.206,1440
2009-03-14,35.81713333333333,1.4923805555555554,5.88,0.212,1440
2009-03-15,32.3677,1.3486541666666665,7.166,0.214,1440
2009-03-16,22.245533333333334,0.9275413481584434,4.322,0.214,1439
2009-03-17,32.198499999999996,1.3416041666666667,7.88,0.21,1440
2009-03-18,24.178000000000004,1.0074166666666666,5.724,0.212,1440
2009-03-19,19.858866666666664,0.8274527777777777,4.296,0.214,1440
2009-03-20,24.39843333333333,1.016601388888889,6.028,0.214,1440
2009-03-21,32.16703333333333,1.3402930555555554,7.502,0.212,1440
2009-03-22,28.152833333333334,1.1730347222222224,5.182,0.218,1440
2009-03-23,21.6075,0.9003125000000001,5.12,0.262,1440
2009-03-24,27.6952,1.1539666666666666,5.848,0.222,1440
2009-03-25,30.646233333333335,1.2769263888888889,6.584,0.196,1440
2009-03-26,20.1834,0.8409749999999999,3.638,0.21,1440
2009-03-27,28.56543333333333,1.1902263888888889,5.226,0.264,1440
2009-03-28,37.68293333333334,1.5701222222222222,6.856,0.264,1440
2009-03-29,36.94416666666666,1.5393402777777778,5.512,0.214,1440
2009-03-30,24.6242,1.0260083333333334,4.554,0.262,1440
2009-03-31,30.391366666666666,1.2663069444444444,7.096,0.216,1440
2009-04-01,27.352333333333334,1.1396805555555556,4.232,0.212,1440
2009-04-02,27.405566666666665,1.1418986111111111,4.76,0.264,1440
2009-04-03,22.721000000000004,0.9467083333333334,5.736,0.262,1440
2009-04-04,36.52053333333333,1.5216888888888889,5.124,0.296,1440
2009-04-05,22.9286,0.9553583333333333,6.502,0.264,1440
2009-04-06,24.210566666666665,1.0087736111111112,4.308,0.268,1440
2009-04-07,24.001533333333327,1.0000638888888889,5.762,0.266,1440
2009-04-08,25.576666666666668,1.0656944444444443,5.318,0.27,1440
2009-04-09,31.507866666666665,1.3128277777777777,6.308,0.256,1440
2009-04-10,30.701900000000002,1.2792458333333334,5.314,0.254,1440
2009-04-11,41.04076666666666,1.7100319444444443,6.968,0.256,1440
2009-04-12,35.68353333333333,1.486813888888889,7.972,0.258,1440
2009-04-13,26.64373333333333,1.1116995827538247,6.272,0.314,1438
2009-04-14,25.025633333333335,1.0427347222222223,6.254,0.31,1440
2009-04-15,20.2677,0.8444875,4.718,0.306,1440
2009-04-16,26.075400000000002,1.0864749999999999,6.188,0.306,1440
2009-04-17,34.046833333333325,1.4186180555555554,7.454,0.3,1440
2009-04-18,25.204433333333334,1.0501847222222223,6.32,0.29,1440
2009-04-19,21.441133333333333,0.8933805555555556,6.322,0.244,1440
2009-04-20,24.775166666666664,1.0322986111111112,6.042,0.256,1440
2009-04-21,31.576633333333334,1.3156930555555555,6.72,0.252,1440
2009-04-22,24.936633333333333,1.0390263888888889,4.494,0.26,1440
2009-04-23,19.024333333333335,0.7926805555555556,5.716,0.302,1440
2009-04-24,19.9008,0.8292,3.274,0.312,1440
2009-04-25,33.70473333333334,1.404363888888889,6.12,0.26,1440
2009-04-26,29.693766666666665,1.2372402777777778,7.016,0.286,1440
2009-04-27,22.52713333333333,0.9386305555555555,6.02,0.302,1440
2009-04-28,28.439766666666667,1.1849902777777777,6.134,0.304,1440
2009-04-29,27.744666666666667,1.1560277777777779,5.594,0.302,1440
2009-04-30,30.57936666666667,1.2741402777777777,4.278,0.302,1440
2009-05-01,25.213366666666666,1.0505569444444445,4.738,0.252,1440
2009-05-02,23.231833333333334,0.9679930555555556,5.726,0.252,1440
2009-05-03,26.814633333333333,1.1172763888888888,7.856,0.236,1440
2009-05-04,27.798033333333333,1.158251388888889,5.192,0.25,1440
2009-05-05,28.857899999999997,1.2024124999999999,4.288,0.246,1440
2009-05-06,22.49836666666667,0.9374319444444444,4.604,0.256,1440
2009-05-07,16.877466666666667,0.7032277777777778,4.288,0.244,1440
2009-05-08,30.952599999999997,1.2896916666666667,4.5,0.25,1440
2009-05-09,21.02253333333333,0.8759388888888889,4.682,0.304,1440
2009-05-10,32.775866666666666,1.366610145934677,6.012,0.268,1439
2009-05-11,25.286266666666663,1.0535944444444445,5.33,0.25,1440
2009-05-12,27.099266666666665,1.1291361111111111,6.34,0.314,1440
2009-05-13,20.7733,0.8655541666666666,5.408,0.298,1440
2009-05-14,26.78306666666667,1.115961111111111,7.396,0.228,1440
2009-05-15,23.703766666666667,0.9876569444444445,5.256,0.208,1440
2009-05-16,33.4563,1.3940124999999999,6.732,0.144,1440
2009-05-17,25.7294,1.0720583333333333,6.54,0.246,1440
2009-05-18,20.165100000000002,0.8402124999999999,5.016,0.234,1440
2009-05-19,26.955733333333335,1.1231555555555557,5.458,0.244,1440
2009-05-20,21.786033333333332,0.907751388888889,5.39,0.248,1440
2009-05-21,26.252499999999998,1.0938541666666668,5.744,0.226,1440
2009-05-22,17.913433333333334,0.7463930555555556,4.59,0.23,1440
2009-05-23,25.509966666666664,1.0629152777777777,4.284,0.23,1440
2009-05-24,21.463099999999997,0.8942958333333334,5.078,0.224,1440
2009-05-25,22.568266666666666,0.9403444444444444,4.62,0.22,1440
2009-05-26,22.294566666666668,0.9308796102992345,4.084,0.21,1437
2009-05-27,25.7382,1.072425,5.324,0.228,1440
2009-05-28,19.662266666666667,0.8192611111111112,4.978,0.208,1440
2009-05-29,20.7141,0.8630875,4.798,0.23,1440
2009-05-30,27.651766666666667,1.1521569444444444,6.24,0.238,1440
2009-05-31,15.948166666666665,0.6645069444444445,3.77,0.136,1440
2009-06-01,24.054333333333332,1.0022638888888888,5.322,0.136,1440
2009-06-02,18.177300000000002,0.7573875,2.992,0.206,1440
2009-06-03,22.609633333333335,0.9420680555555555,4.262,0.206,1440
2009-06-04,17.261,0.7192083333333333,4.892,0.134,1440
2009-06-05,20.506,0.8544166666666666,4.19,0.19,1440
2009-06-06,24.590833333333336,1.0246180555555555,6.282,0.192,1440
2009-06-07,20.123199999999997,0.8384666666666667,8.76,0.164,1440
2009-06-08,19.64626666666667,0.8185944444444445,5.106,0.232,1440
2009-06-09,22.214166666666667,0.9255902777777777,4.96,0.206,1440
2009-06-10,26.7166,1.1131916666666668,5.322,0.208,1440
2009-06-11,21.6775,0.9032291666666667,4.732,0.314,1440
2009-06-12,18.3622,0.7650916666666666,4.524,0.292,1440
2009-06-13,0.2369666666666666,0.4739333333333333,0.99,0.254,30
2009-06-15,12.865133333333333,0.7836629441624365,3.744,0.134,985
2009-06-16,25.14653333333333,1.047772222222222,6.866,0.136,1440
2009-06-17,16.46693333333333,0.6861222222222222,5.432,0.134,1440
2009-06-18,19.428333333333335,0.8095138888888889,3.244,0.134,1440
2009-06-19,18.11443333333333,0.7547680555555556,4.888,0.134,1440
2009-06-20,18.451666666666668,0.7688194444444444,5.5,0.134,1440
2009-06-21,14.252366666666667,0.5938486111111112,3.892,0.146,1440
2009-06-22,18.234966666666665,0.7597902777777777,4.096,0.134,1440
2009-06-23,17.320233333333334,0.7216763888888889,4.098,0.134,1440
2009-06-24,25.581233333333337,1.0658847222222223,4.91,0.138,1440
2009-06-25,12.856033333333333,0.5356680555555555,4.558,0.134,1440
2009-06-26,21.2887,0.8870291666666665,6.216,0.136,1440
2009-06-27,28.4842,1.1868416666666666,5.076,0.152,1440
2009-06-28,17.656566666666663,0.7356902777777777,3.592,0.152,1440
2009-06-29,16.835566666666665,0.7014819444444444,4.76,0.158,1440
2009-06-30,19.8741,0.8280875,5.222,0.14,1440
2009-07-01,20.3057,0.8460708333333334,3.644,0.186,1440
2009-07-02,20.709633333333336,0.8629013888888889,5.174,0.184,1440
2009-07-03,14.402466666666665,0.6001027777777778,4.226,0.134,1440
2009-07-04,20.642799999999998,0.8601166666666666,5.156,0.136,1440
2009-07-05,23.512266666666665,0.9796777777777779,4.594,0.204,1440
2009-07-06,15.904333333333332,0.6626805555555555,5.13,0.134,1440
2009-07-07,18.502266666666664,0.7709277777777778,5.398,0.136,1440
2009-07-08,20.573333333333334,0.8572222222222223,5.928,0.186,1440
2009-07-09,14.104199999999999,0.587675,5.484,0.184,1440
2009-07-10,19.7853,0.826683844011142,3.904,0.142,1436
2009-07-11,16.566133333333333,0.6902555555555555,4.512,0.128,1440
2009-07-12,8.557966666666665,0.3565819444444444,2.122,0.128,1440
2009-07-13,8.2791,0.3449625,1.918,0.128,1440
2009-07-14,15.1905,0.6329374999999999,4.432,0.128,1440
2009-07-15,11.9679,0.49866249999999995,4.228,0.122,1440
2009-07-16,9.992566666666667,0.41635694444444443,2.362,0.142,1440
2009-07-17,12.1968,0.5082,2.062,0.138,1440
2009-07-18,16.106833333333334,0.6711180555555555,2.63,0.138,1440
2009-07-19,20.06073333333333,0.8358638888888889,3.492,0.122,1440
2009-07-20,11.041433333333334,0.4600597222222222,4.632,0.128,1440
2009-07-21,13.5627,0.5651125,2.178,0.146,1440
2009-07-22,12.325533333333333,0.5135638888888889,2.46,0.146,1440
2009-07-23,17.166666666666664,0.7152777777777778,3.988,0.128,1440
2009-07-24,9.362300000000001,0.39009583333333336,2.294,0.128,1440
2009-07-25,8.9448,0.3727,2.18,0.13,1440
2009-07-26,9.050266666666667,0.3770944444444444,2.512,0.142,1440
2009-07-27,11.4761,0.4781708333333334,2.51,0.23,1440
2009-07-28,15.0475,0.6269791666666666,5.34,0.158,1440
2009-07-29,15.033333333333333,0.6263888888888889,3.98,0.138,1440
2009-07-30,13.205433333333334,0.5502263888888889,2.898,0.138,1440
2009-07-31,16.263833333333338,0.6776597222222223,5.468,0.136,1440
2009-08-01,11.782766666666667,0.4909486111111111,2.14,0.136,1440
2009-08-02,8.162066666666668,0.3400861111111111,2.056,0.132,1440
2009-08-03,8.3383,0.3474291666666667,1.972,0.134,1440
2009-08-04,8.481533333333333,0.3533972222222222,1.914,0.132,1440
2009-08-05,8.6442,0.360175,2.104,0.134,1440
2009-08-06,8.877866666666666,0.36991111111111113,1.988,0.134,1440
2009-08-07,8.988266666666666,0.37451111111111113,2.018,0.134,1440
2009-08-08,8.774533333333334,0.3656055555555555,2.012,0.136,1440
2009-08-09,16.637233333333334,0.6932180555555556,5.446,0.136,1440
2009-08-10,17.822633333333332,0.7426097222222222,5.344,0.152,1440
2009-08-11,15.849233333333334,0.6603847222222222,5.06,0.154,1440
2009-08-12,13.7406,0.5725250000000001,3.648,0.152,1440
2009-08-13,10.114033333333332,1.10535883424408,6.818,0.154,549
2009-08-14,12.477933333333334,0.5199138888888889,3.422,0.154,1440
2009-08-15,25.234366666666666,1.0514319444444444,5.516,0.15,1440
2009-08-16,20.2952,0.8456333333333333,4.448,0.154,1440
2009-08-17,13.098466666666665,0.5457694444444444,3.232,0.144,1440
2009-08-18,18.009966666666664,0.7504152777777777,5.698,0.146,1440
2009-08-19,14.679033333333333,0.6116263888888889,4.73,0.142,1440
2009-08-20,12.9287,0.5386958333333334,2.41,0.138,1440
2009-08-21,19.362433333333332,0.8067680555555556,5.912,0.14,1440
2009-08-22,25.8123,1.0755125,7.696,0.14,1440
2009-08-23,17.778466666666667,0.7407694444444445,4.554,0.14,1440
2009-08-24,20.8709,0.8696208333333333,4.81,0.148,1440
2009-08-25,15.726833333333335,0.6552847222222222,4.518,0.154,1440
2009-08-26,18.942433333333334,0.7892680555555556,7.056,0.15,1440
2009-08-27,12.4911,0.5204625,2.676,0.15,1440
2009-08-28,18.647366666666663,0.7769736111111112,4.25,0.14,1440
2009-08-29,23.140233333333335,0.9641763888888889,4.75,0.142,1440
2009-08-30,27.8057,1.1585708333333333,6.93,0.192,1440
2009-08-31,21.092033333333333,0.8788347222222221,4.784,0.18,1440
2009-09-01,16.342266666666667,0.6809277777777777,3.414,0.186,1440
2009-09-02,20.380233333333337,0.8491763888888889,4.358,0.188,1440
2009-09-03,20.853133333333332,0.8688805555555557,4.45,0.182,1440
2009-09-04,17.07313333333333,0.7113805555555555,3.678,0.186,1440
2009-09-05,25.231099999999998,1.0512958333333333,5.862,0.186,1440
2009-09-06,20.477166666666665,0.8532152777777778,4.412,0.136,1440
2009-09-07,20.357633333333332,0.8482347222222223,6.746,0.132,1440
2009-09-08,18.104233333333333,0.7543430555555555,4.792,0.134,1440
2009-09-09,25.35573333333333,1.056488888888889,4.854,0.134,1440
2009-09-10,18.53923333333333,0.7724680555555555,5.39,0.132,1440
2009-09-11,20.23576666666667,0.8431569444444444,3.764,0.132,1440
2009-09-12,34.405966666666664,1.4335819444444446,5.758,0.132,1440
2009-09-13,26.1717,1.0912453092425294,5.894,0.13,1439
2009-09-14,26.247633333333333,1.0936513888888888,7.344,0.186,1440
2009-09-15,24.280099999999997,1.0116708333333333,6.06,0.182,1440
2009-09-16,29.0527,1.2105291666666667,5.696,0.182,1440
2009-09-17,20.390433333333334,0.8496013888888888,3.308,0.182,1440
2009-09-18,22.900533333333335,0.9541888888888889,6.83,0.136,1440
2009-09-19,35.59516666666667,1.4831319444444444,7.826,0.154,1440
2009-09-20,33.922133333333335,1.4134222222222221,6.754,0.136,1440
2009-09-21,23.63113333333333,0.9846305555555556,5.59,0.184,1440
2009-09-22,20.7756,0.86565,4.648,0.182,1440
2009-09-23,27.276833333333336,1.1365347222222222,5.574,0.132,1440
2009-09-24,23.770966666666666,0.9904569444444444,5.794,0.128,1440
2009-09-25,19.350266666666666,0.8062611111111112,3.08,0.13,1440
2009-09-26,25.937566666666665,1.0807319444444443,3.818,0.134,1440
2009-09-27,23.507866666666665,0.9794944444444444,5.604,0.128,1440
2009-09-28,21.657600000000002,0.9024,3.806,0.122,1440
2009-09-29,19.106633333333335,0.7961097222222222,4.814,0.122,1440
2009-09-30,29.5456,1.232778859527121,4.702,0.124,1438
2009-10-01,21.4542,0.893925,5.406,0.124,1440
2009-10-02,19.211133333333333,0.8004638888888889,3.7,0.122,1440
2009-10-03,28.612333333333332,1.1921805555555556,5.594,0.154,1440
2009-10-04,27.018433333333334,1.1257680555555556,6.332,0.124,1440
2009-10-05,21.258699999999997,0.8857791666666667,4.084,0.214,1440
2009-10-06,23.807466666666667,0.9919777777777778,5.036,0.22,1440
2009-10-07,30.3639,1.2651625,6.284,0.244,1440
2009-10-08,26.2861,1.0952541666666666,5.026,0.218,1440
2009-10-09,22.53103333333333,0.9387930555555556,3.404,0.218,1440
2009-10-10,33.54593333333333,1.3977472222222223,6.658,0.228,1440
2009-10-11,32.30473333333333,1.3469659485753998,6.492,0.226,1439
2009-10-12,22.526733333333333,0.938613888888889,3.756,0.212,1440
2009-10-13,24.151666666666664,1.0063194444444443,4.736,0.216,1440
2009-10-14,28.520400000000002,1.18835,5.246,0.212,1440
2009-10-15,24.83293333333333,1.0347055555555555,5.266,0.218,1440
2009-10-16,25.281,1.053375,5.082,0.22,1440
2009-10-17,45.70133333333333,1.9042222222222223,8.126,0.222,1440
2009-10-18,25.93606666666667,1.0806694444444445,4.58,0.222,1440
2009-10-19,22.818466666666666,0.9507694444444444,4.67,0.218,1440
2009-10-20,28.713466666666665,1.1963944444444445,5.124,0.23,1440
2009-10-21,32.8251,1.3677125,5.17,0.224,1440
2009-10-22,23.3285,0.9720208333333333,5.146,0.23,1440
2009-10-23,29.29083333333333,1.2204513888888888,8.708,0.226,1440
2009-10-24,43.57346666666666,1.815561111111111,5.752,0.232,1440
2009-10-25,40.10893333333333,1.6712055555555556,6.586,0.224,1440
2009-10-26,18.539066666666667,0.7724611111111112,3.848,0.226,1440
2009-10-27,18.6126,0.775525,5.014,0.212,1440
2009-10-28,21.145133333333334,0.8810472222222223,5.218,0.218,1440
2009-10-29,33.024,1.3760000000000001,6.032,0.218,1440
2009-10-30,24.889300000000002,1.0370541666666666,5.978,0.22,1440
2009-10-31,31.2657,1.3027375,6.064,0.216,1440
2009-11-01,30.719466666666666,1.2799777777777777,5.216,0.218,1440
2009-11-02,25.070433333333334,1.0446013888888888,4.366,0.226,1440
2009-11-03,37.77813333333334,1.5740888888888889,6.938,0.212,1440
2009-11-04,30.029999999999994,1.25125,5.97,0.24,1440
2009-11-05,26.00776666666667,1.0836569444444444,5.268,0.214,1440
2009-11-06,23.174166666666665,0.9655902777777778,4.19,0.218,1440
2009-11-07,25.95293333333333,1.0813722222222222,4.318,0.22,1440
2009-11-08,41.80003333333333,1.7416680555555555,6.23,0.22,1440
2009-11-09,23.412533333333332,0.9762001389854065,5.818,0.23,1439
2009-11-10,26.76973333333333,1.1154055555555555,5.452,0.232,1440
2009-11-11,34.008,1.417,6.91,0.254,1440
2009-11-12,24.384433333333334,1.0160180555555556,5.83,0.224,1440
2009-11-13,25.548766666666666,1.0645319444444443,4.838,0.222,1440
2009-11-14,42.67426666666667,1.7780944444444446,6.038,0.224,1440
2009-11-15,32.788466666666665,1.366186111111111,8.726,0.218,1440
2009-11-16,25.24113333333333,1.0517138888888888,7.116,0.216,1440
2009-11-17,28.471566666666668,1.186315277777778,4.04,0.222,1440
2009-11-18,43.98623333333333,1.8327597222222223,8.432,0.218,1440
2009-11-19,24.580800000000004,1.0242,3.968,0.226,1440
2009-11-20,32.6836,1.3618166666666667,6.408,0.22,1440
2009-11-21,41.614266666666666,1.733927777777778,8.018,0.22,1440
2009-11-22,40.849599999999995,1.7020666666666668,7.84,0.224,1440
2009-11-23,24.518699999999995,1.0216125,4.764,0.224,1440
2009-11-24,35.48093333333333,1.4783722222222224,9.732,0.228,1440
2009-11-25,33.00216666666667,1.3750902777777778,5.69,0.232,1440
2009-11-26,26.660433333333337,1.110851388888889,5.964,0.226,1440
2009-11-27,23.000433333333334,0.9583513888888889,3.038,0.216,1440
2009-11-28,30.9825,1.2909375,5.834,0.216,1440
2009-11-29,27.516033333333333,1.1465013888888889,6.436,0.226,1440
2009-11-30,29.0865,1.2119375000000001,4.854,0.29,1440
2009-12-01,29.272966666666665,1.2197069444444444,4.088,0.28,1440
2009-12-02,39.09446666666666,1.6289361111111111,6.044,0.23,1440
2009-12-03,24.66146666666667,1.0275611111111111,5.486,0.284,1440
2009-12-04,28.521566666666665,1.1883986111111111,4.63,0.284,1440
2009-12-05,39.19603333333333,1.6331680555555557,6.01,0.26,1440
2009-12-06,39.63813333333333,1.651588888888889,8.494,0.268,1440
2009-12-07,29.043966666666666,1.2101652777777778,5.038,0.236,1440
2009-12-08,33.44806666666666,1.3936694444444444,6.022,0.24,1440
2009-12-09,30.03926666666667,1.2516361111111112,5.09,0.24,1440
2009-12-10,34.2381,1.4285716272600835,5.662,0.244,1438
2009-12-11,29.74103333333333,1.2392097222222223,5.6,0.236,1440
2009-12-12,30.273,1.2613750000000001,6.788,0.234,1440
2009-12-13,35.6469,1.4852874999999999,4.6,0.238,1440
2009-12-14,29.91436666666667,1.2464319444444445,6.974,0.238,1440
2009-12-15,32.33526666666667,1.3473027777777777,5.132,0.246,1440
2009-12-16,23.247899999999998,0.9686625,4.884,0.242,1440
2009-12-17,28.6197,1.1924875,4.24,0.24,1440
2009-12-18,29.078433333333336,1.2116013888888888,4.936,0.242,1440
2009-12-19,36.7389,1.5307875,5.698,0.194,1440
2009-12-20,19.069433333333333,0.7945597222222222,5.688,0.204,1440
2009-12-21,33.9161,1.4131708333333333,7.2,0.2,1440
2009-12-22,31.467033333333333,1.3111263888888889,4.636,0.214,1440
2009-12-23,24.253333333333334,1.0105555555555557,5.276,0.194,1440
2009-12-24,48.43156666666666,2.0179819444444442,7.57,0.2,1440
2009-12-25,35.4608,1.4775333333333334,5.878,0.244,1440
2009-12-26,36.393633333333334,1.5164013888888888,6.446,0.24,1440
2009-12-27,36.59086666666666,1.5246194444444443,6.464,0.242,1440
2009-12-28,34.90163333333333,1.4542347222222223,4.952,0.266,1440
2009-12-29,34.1328,1.4222000000000001,5.216,0.25,1440
2009-12-30,40.85183333333333,1.7021597222222222,7.84,0.248,1440
2009-12-31,36.86486666666667,1.536036111111111,4.69,0.242,1440
2010-01-01,20.4042,0.850175,4.976,0.322,1440
2010-01-02,21.81393333333333,0.9095455177206393,6.236,0.248,1439
2010-01-03,34.72423333333333,1.4468430555555556,6.382,0.272,1440
2010-01-04,26.735533333333333,1.1139805555555555,4.56,0.298,1440
2010-01-05,36.99633333333334,1.541513888888889,5.544,0.252,1440
2010-01-06,29.619666666666667,1.2341527777777779,5.304,0.242,1440
2010-01-07,29.4907,1.2287791666666668,4.908,0.24,1440
2010-01-08,29.953466666666664,1.248061111111111,5.454,0.242,1440
2010-01-09,38.94833333333333,1.6228472222222223,8.154,0.246,1440
2010-01-10,41.807766666666666,1.7419902777777776,7.35,0.238,1440
2010-01-11,25.3114,1.0546416666666667,5.36,0.246,1440
2010-01-12,21.375633333333333,1.4362127659574468,6.46,0.246,893
2010-01-14,10.308133333333334,2.0754630872483224,5.886,0.24,298
2010-01-15,36.61266666666667,1.525527777777778,9.098,0.238,1440
2010-01-16,35.8352,1.4931333333333334,6.634,0.244,1440
2010-01-17,31.775933333333334,1.3239972222222223,5.12,0.244,1440
2010-01-18,31.35163333333333,1.3063180555555556,4.906,0.24,1440
2010-01-19,40.55846666666667,1.689936111111111,6.674,0.244,1440
2010-01-20,39.19546666666667,1.6331444444444445,6.01,0.26,1440
2010-01-21,35.63093333333333,1.484622222222222,5.348,0.238,1440
2010-01-22,29.843766666666667,1.2434902777777777,5.228,0.236,1440
2010-01-23,43.47516666666666,1.8127241139680335,7.042,0.234,1439
2010-01-24,37.82366666666667,1.575986111111111,9.122,0.258,1440
2010-01-25,32.17516666666667,1.3406319444444443,6.048,0.256,1440
2010-01-26,34.4594,1.4358083333333331,4.666,0.256,1440
2010-01-27,46.01503333333333,1.9172930555555556,7.078,0.27,1440
2010-01-28,35.170566666666666,1.4654402777777777,5.166,0.264,1440
2010-01-29,34.88316666666667,1.4534652777777777,5.964,0.234,1440
2010-01-30,47.3788,1.9741166666666667,8.006,0.238,1440
2010-01-31,29.9866,1.2494416666666666,4.89,0.24,1440
2010-02-01,28.229633333333332,1.1762347222222223,4.3,0.226,1440
2010-02-02,35.9572,1.4982166666666665,5.124,0.228,1440
2010-02-03,48.38356666666667,2.0159819444444445,7.388,0.252,1440
2010-02-04,38.6045,1.6085208333333334,6.124,0.25,1440
2010-02-05,34.98153333333334,1.4575638888888887,4.482,0.238,1440
2010-02-06,45.216433333333335,1.8840180555555555,7.416,0.24,1440
2010-02-07,27.095133333333333,1.1289638888888889,6.0,0.248,1440
2010-02-08,43.0373,1.7932208333333333,5.154,0.244,1440
2010-02-09,40.348866666666666,1.6812027777777776,5.348,0.288,1440
2010-02-10,32.40903333333333,1.3513148019457957,4.846,0.242,1439
2010-02-11,22.82946666666667,0.9512277777777778,3.54,0.246,1440
2010-02-12,31.549966666666663,1.3145819444444444,5.396,0.246,1440
2010-02-13,39.1926,1.633025,8.724,0.244,1440
2010-02-14,28.11163333333333,1.1721320361362058,5.37,0.238,1439
2010-02-15,34.952200000000005,1.4563416666666666,6.174,0.242,1440
2010-02-16,29.9626,1.2484416666666667,6.014,0.33,1440
2010-02-17,34.242666666666665,1.4267777777777777,7.33,0.268,1440
2010-02-18,29.3526,1.223025,5.154,0.246,1440
2010-02-19,32.559533333333334,1.3566472222222221,5.544,0.252,1440
2010-02-20,33.062133333333335,1.377588888888889,5.288,0.252,1440
2010-02-21,45.671899999999994,1.9029958333333332,8.38,0.27,1440
2010-02-22,24.567266666666665,1.0236361111111112,6.084,0.238,1440
2010-02-23,24.354666666666667,1.0147777777777778,6.758,0.24,1440
2010-02-24,31.90463333333333,1.3293597222222222,6.512,0.252,1440
2010-02-25,31.336733333333335,1.3056972222222223,3.836,0.242,1440
2010-02-26,35.33593333333333,1.4723305555555555,5.188,0.244,1440
2010-02-27,29.4176,1.2257333333333333,4.752,0.242,1440
2010-02-28,11.8611,0.49421250000000005,1.712,0.236,1440
2010-03-01,21.645466666666668,0.9018944444444444,4.682,0.238,1440
2010-03-02,12.781766666666666,0.5325736111111111,2.978,0.246,1440
2010-03-03,15.597233333333334,0.6498847222222222,2.128,0.258,1440
2010-03-04,11.381333333333334,0.4742222222222222,1.586,0.262,1440
2010-03-05,18.895433333333333,0.7873097222222223,4.464,0.248,1440
2010-03-06,13.2452,0.5518833333333333,2.662,0.242,1440
2010-03-07,22.874533333333332,0.9531055555555555,7.14,0.238,1440
2010-03-08,42.6183,1.7757625,7.08,0.264,1440
2010-03-09,29.3352,1.2223000000000002,4.216,0.264,1440
2010-03-10,30.377200000000002,1.2657166666666666,4.38,0.266,1440
2010-03-11,32.518166666666666,1.3549236111111111,5.704,0.236,1440
2010-03-12,27.42373333333333,1.1426555555555555,6.226,0.244,1440
2010-03-13,39.716833333333334,1.6548680555555555,6.21,0.242,1440
2010-03-14,26.111900000000002,1.0879958333333333,6.154,0.244,1440
2010-03-15,29.864166666666666,1.2443402777777777,5.578,0.248,1440
2010-03-16,25.710833333333333,1.0712847222222224,3.45,0.236,1440
2010-03-17,33.4855,1.3952291666666665,5.504,0.244,1440
2010-03-18,26.0447,1.0851958333333334,5.28,0.24,1440
2010-03-19,27.723066666666668,1.1551277777777778,4.292,0.238,1440
2010-03-20,2.1955333333333336,0.5678103448275862,2.036,0.238,232
2010-03-21,15.288033333333331,1.4771046698872787,5.502,0.276,621
2010-03-22,26.9765,1.1240208333333332,3.69,0.236,1440
2010-03-23,30.369366666666668,1.265390277777778,5.308,0.238,1440
2010-03-24,33.24586666666667,1.3852444444444445,5.888,0.238,1440
2010-03-25,27.998066666666666,1.166586111111111,4.3,0.232,1440
2010-03-26,27.5214,1.146725,4.052,0.236,1440
2010-03-27,30.799500000000002,1.2833125,6.896,0.238,1440
2010-03-28,29.970233333333333,1.2487597222222222,6.152,0.234,1440
2010-03-29,27.045633333333335,1.126901388888889,4.196,0.242,1440
2010-03-30,31.774233333333335,1.3239263888888888,4.878,0.35,1440
2010-03-31,32.06336666666667,1.3359736111111111,5.848,0.23,1440
2010-04-01,28.124000000000002,1.1718333333333333,5.066,0.236,1440
2010-04-02,27.477033333333335,1.1448763888888889,4.398,0.226,1440
2010-04-03,30.087966666666663,1.2536652777777777,4.446,0.232,1440
2010-04-04,28.17313333333333,1.1738805555555556,4.372,0.232,1440
2010-04-05,18.647,0.7769583333333333,7.15,0.222,1440
2010-04-06,30.430866666666667,1.267952777777778,5.604,0.232,1440
2010-04-07,26.616366666666664,1.1090152777777778,4.65,0.23,1440
2010-04-08,27.487000000000002,1.1452916666666666,6.57,0.25,1440
2010-04-09,20.555833333333332,0.8564930555555554,4.254,0.232,1440
2010-04-10,19.836799999999997,0.8265333333333333,5.532,0.228,1440
2010-04-11,26.713499999999996,1.1138359972202918,8.32,0.226,1439
2010-04-12,23.99043333333333,0.9996013888888888,3.708,0.226,1440
2010-04-13,25.211733333333335,1.0504888888888888,3.772,0.228,1440
2010-04-14,27.672733333333333,1.1530305555555556,5.34,0.23,1440
2010-04-15,31.202966666666665,1.3001236111111112,5.544,0.228,1440
2010-04-16,26.034366666666667,1.0847652777777776,5.11,0.244,1440
2010-04-17,25.961866666666666,1.0817444444444444,5.92,0.246,1440
2010-04-18,24.601766666666666,1.0250736111111112,4.29,0.246,1440
2010-04-19,28.476566666666667,1.186523611111111,5.84,0.242,1440
2010-04-20,30.560466666666663,1.2733527777777778,4.484,0.242,1440
2010-04-21,26.3319,1.0971625,2.73,0.252,1440
2010-04-22,24.3484,1.0145166666666667,3.824,0.236,1440
2010-04-23,19.6756,0.8198166666666667,4.758,0.234,1440
2010-04-24,25.306966666666668,1.0544569444444443,4.34,0.24,1440
2010-04-25,25.71236666666666,1.071348611111111,4.356,0.25,1440
2010-04-26,18.045266666666667,0.751886111111111,3.706,0.24,1440
2010-04-27,20.849,0.8687083333333334,3.76,0.238,1440
2010-04-28,14.4643,0.6026791666666667,3.692,0.234,1440
2010-04-29,18.3954,0.7664749999999999,4.368,0.236,1440
2010-04-30,18.6438,0.776825,4.32,0.234,1440
2010-05-01,22.002633333333332,0.9167763888888888,5.038,0.232,1440
2010-05-02,36.46516666666666,1.5193819444444443,7.33,0.236,1440
2010-05-03,23.521700000000003,0.9800708333333332,4.35,0.228,1440
2010-05-04,25.282666666666668,1.0534444444444444,3.72,0.234,1440
2010-05-05,30.088466666666665,1.253686111111111,5.204,0.236,1440
2010-05-06,21.654166666666665,0.9022569444444445,3.496,0.234,1440
2010-05-07,27.400066666666667,1.1416694444444444,4.174,0.23,1440
2010-05-08,25.55703333333333,1.0648763888888888,6.492,0.226,1440
2010-05-09,26.1085,1.0878541666666666,6.066,0.23,1440
2010-05-10,24.464866666666666,1.0193694444444446,4.602,0.244,1440
2010-05-11,26.189466666666664,1.0912277777777777,4.414,0.242,1440
2010-05-12,33.923633333333335,1.4134847222222222,5.89,0.242,1440
2010-05-13,25.874933333333335,1.0788714384989577,4.688,0.24,1439
2010-05-14,28.70243333333333,1.1959347222222223,4.632,0.254,1440
2010-05-15,32.412866666666666,1.3505361111111112,6.714,0.258,1440
2010-05-16,35.0071,1.4586291666666666,8.418,0.262,1440
2010-05-17,27.136366666666667,1.1306819444444445,4.16,0.27,1440
2010-05-18,23.6864,0.9869333333333333,3.086,0.268,1440
2010-05-19,23.779200000000003,0.9908,5.322,0.27,1440
2010-05-20,19.231633333333335,0.8013180555555555,3.332,0.268,1440
2010-05-21,21.573266666666665,0.898886111111111,4.658,0.268,1440
2010-05-22,34.92953333333334,1.4553972222222222,7.806,0.302,1440
2010-05-23,24.7926,1.033025,4.612,0.266,1440
2010-05-24,22.355533333333334,0.9314805555555556,5.124,0.186,1440
2010-05-25,19.9771,0.8323791666666667,4.832,0.164,1440
2010-05-26,23.1314,0.9638083333333334,6.53,0.158,1440
2010-05-27,22.0557,0.9189875000000001,3.846,0.158,1440
2010-05-28,23.302733333333336,0.9709472222222222,3.684,0.158,1440
2010-05-29,34.163466666666665,1.4234777777777778,5.614,0.166,1440
2010-05-30,27.761666666666667,1.1567361111111112,5.658,0.172,1440
2010-05-31,22.341033333333332,0.9308763888888889,4.164,0.168,1440
2010-06-01,21.1494,0.8812249999999999,4.162,0.17,1440
2010-06-02,16.3483,0.6811791666666667,2.956,0.168,1440
2010-06-03,23.236433333333334,0.9681847222222222,5.038,0.166,1440
2010-06-04,23.6759,0.9864958333333333,4.46,0.166,1440
2010-06-05,33.49406666666666,1.3955861111111112,5.326,0.18,1440
2010-06-06,29.1132,1.21305,4.836,0.18,1440
2010-06-07,16.868033333333333,0.7028347222222222,4.088,0.174,1440
2010-06-08,22.700566666666667,0.9458569444444446,4.626,0.172,1440
2010-06-09,25.578033333333334,1.065751388888889,4.986,0.178,1440
2010-06-10,20.25316666666667,0.8438819444444445,2.982,0.184,1440
2010-06-11,24.5112,1.0213,5.15,0.168,1440
2010-06-12,32.88513333333333,1.371166087560806,4.222,0.174,1439
2010-06-13,27.90593333333333,1.1627472222222222,6.244,0.172,1440
2010-06-14,20.299733333333336,0.8458222222222221,4.168,0.174,1440
2010-06-15,20.399433333333334,0.8499763888888888,3.394,0.17,1440
2010-06-16,29.4682,1.2278416666666667,4.798,0.18,1440
2010-06-17,17.133633333333332,0.7139013888888889,3.516,0.174,1440
2010-06-18,22.205266666666667,0.9252194444444445,4.1,0.172,1440
2010-06-19,23.60366666666667,0.9834861111111112,6.22,0.204,1440
2010-06-20,27.875833333333336,1.1614930555555556,5.84,0.178,1440
2010-06-21,27.681500000000003,1.1533958333333334,7.508,0.192,1440
2010-06-22,25.34313333333333,1.055963888888889,4.956,0.158,1440
2010-06-23,24.034399999999998,1.0014333333333334,5.452,0.152,1440
2010-06-24,18.262999999999998,0.7609583333333333,3.638,0.196,1440
2010-06-25,18.323966666666667,0.7634986111111112,3.334,0.152,1440
2010-06-26,16.360333333333333,0.6816805555555555,3.976,0.152,1440
2010-06-27,18.9994,0.7916416666666666,4.486,0.152,1440
2010-06-28,24.522333333333336,1.021763888888889,3.242,0.166,1440
2010-06-29,22.788266666666665,0.9501709520500348,5.104,0.156,1439
2010-06-30,23.068933333333334,0.9612055555555555,3.736,0.15,1440
2010-07-01,22.48336666666667,0.9368069444444445,5.404,0.208,1440
2010-07-02,19.015466666666665,0.7923111111111112,4.07,0.196,1440
2010-07-03,18.6679,0.7778291666666667,3.286,0.224,1440
2010-07-04,25.6348,1.0681166666666666,3.394,0.174,1440
2010-07-05,18.5665,0.7736041666666666,4.428,0.168,1440
2010-07-06,16.765566666666665,0.6985652777777778,2.368,0.16,1440
2010-07-07,13.913133333333334,0.5797138888888889,3.712,0.16,1440
2010-07-08,20.210866666666668,0.8421194444444444,5.126,0.158,1440
2010-07-09,18.057966666666665,0.7524152777777778,2.392,0.164,1440
2010-07-10,19.241733333333336,0.8017388888888888,3.906,0.158,1440
2010-07-11,19.892866666666663,0.8288694444444445,4.632,0.162,1440
2010-07-12,18.4929,0.7705375000000001,3.758,0.174,1440
2010-07-13,23.035233333333334,0.9598013888888889,5.016,0.174,1440
2010-07-14,23.491200000000003,0.9788,5.902,0.208,1440
2010-07-15,27.219366666666666,1.134928422515636,4.676,0.18,1439
2010-07-16,13.6676,0.5694833333333333,2.376,0.152,1440
2010-07-17,13.4392,0.5599666666666666,2.766,0.154,1440
2010-07-18,13.533966666666666,0.5639152777777778,2.626,0.154,1440
2010-07-19,13.352633333333333,0.5563597222222222,2.474,0.15,1440
2010-07-20,14.263733333333333,0.5943222222222222,2.676,0.154,1440
2010-07-21,17.7361,0.7390041666666666,3.728,0.15,1440
2010-07-22,19.407433333333334,0.8086430555555555,3.344,0.242,1440
2010-07-23,19.602633333333333,0.8167763888888888,3.66,0.24,1440
2010-07-24,15.361133333333335,0.6400472222222222,3.162,0.242,1440
2010-07-25,18.840166666666665,0.7850069444444445,5.916,0.24,1440
2010-07-26,14.735833333333332,0.6139930555555555,3.508,0.156,1440
2010-07-27,15.872666666666667,0.6613611111111111,3.572,0.15,1440
2010-07-28,14.377566666666667,0.5990652777777777,4.21,0.15,1440
2010-07-29,9.151733333333333,0.38132222222222223,2.162,0.15,1440
2010-07-30,9.187666666666667,0.38281944444444443,2.044,0.15,1440
2010-07-31,9.243599999999999,0.38515,2.03,0.15,1440
2010-08-01,9.261066666666668,0.38587777777777776,2.08,0.15,1440
2010-08-02,9.158033333333332,0.38158472222222223,2.04,0.15,1440
2010-08-03,10.253533333333333,0.42723055555555556,2.052,0.154,1440
2010-08-04,9.055933333333332,0.37733055555555556,2.06,0.154,1440
2010-08-05,8.891266666666667,0.37046944444444446,1.914,0.154,1440
2010-08-06,8.745766666666666,0.36440694444444444,1.716,0.152,1440
2010-08-07,8.791266666666667,0.36630277777777775,1.988,0.154,1440
2010-08-08,8.807666666666666,0.3669861111111111,1.984,0.152,1440
2010-08-09,8.917733333333333,0.3715722222222222,1.93,0.152,1440
2010-08-10,9.0793,0.3783041666666667,2.094,0.152,1440
2010-08-11,9.033366666666668,0.3763902777777777,1.992,0.15,1440
2010-08-12,8.8283,0.3678458333333333,2.038,0.152,1440
2010-08-13,8.9049,0.37103749999999996,1.974,0.152,1440
2010-08-14,9.237833333333334,0.3849097222222222,1.984,0.154,1440
2010-08-15,17.599766666666667,0.7333236111111112,4.78,0.154,1440
2010-08-16,18.828833333333332,0.7845347222222222,3.242,0.164,1440
2010-08-17,16.30336666666667,0.775120443740095,4.378,0.16,1262
2010-08-22,1.5556333333333332,0.6140657894736842,1.358,0.176,152
2010-08-23,12.760966666666668,0.5317069444444444,2.26,0.17,1440
2010-08-24,12.049133333333334,0.5020472222222222,2.136,0.17,1440
2010-08-25,16.340133333333334,0.6808388888888889,3.948,0.17,1440
2010-08-26,12.620866666666664,0.5258694444444444,3.33,0.17,1440
2010-08-27,33.844166666666666,1.4101736111111112,5.33,0.174,1440
2010-08-28,24.0476,1.0019833333333332,5.042,0.172,1440
2010-08-29,27.808,1.1586666666666667,5.578,0.174,1440
2010-08-30,24.913366666666665,1.0380569444444443,5.12,0.172,1440
2010-08-31,22.75176666666667,0.9479902777777778,4.624,0.174,1440
2010-09-01,26.555300000000003,1.1064708333333333,4.796,0.172,1440
2010-09-02,23.208199999999998,0.9670083333333334,4.486,0.172,1440
2010-09-03,22.44023333333333,0.9350097222222222,5.5,0.176,1440
2010-09-04,29.064,1.2109999999999999,4.808,0.174,1440
2010-09-05,22.0503,0.9187625,4.352,0.162,1440
2010-09-06,23.7146,0.9881083333333334,5.074,0.16,1440
2010-09-07,24.197566666666667,1.0082319444444445,5.192,0.16,1440
2010-09-08,21.730199999999996,0.9054249999999999,4.13,0.186,1440
2010-09-09,20.64523333333333,0.8602180555555555,6.426,0.156,1440
2010-09-10,22.135133333333332,0.9222972222222222,4.396,0.158,1440
2010-09-11,24.3885,1.0161875,3.788,0.16,1440
2010-09-12,26.8682,1.1195083333333333,5.156,0.142,1440
2010-09-13,17.938666666666666,0.7474444444444444,3.848,0.142,1440
2010-09-14,23.844633333333334,0.993526388888889,4.804,0.138,1440
2010-09-15,16.4349,0.6847875,3.384,0.14,1440
2010-09-16,22.328966666666666,0.9303736111111112,5.28,0.14,1440
2010-09-17,24.96013333333333,1.0400055555555556,5.758,0.14,1440
2010-09-18,20.7991,0.8666291666666666,2.974,0.144,1440
2010-09-19,15.326666666666664,0.6386111111111111,3.762,0.138,1440
2010-09-20,28.0472,1.1686333333333334,6.17,0.146,1440
2010-09-21,18.522933333333334,0.7717888888888889,3.636,0.14,1440
2010-09-22,25.173233333333332,1.0488847222222222,4.484,0.146,1440
2010-09-23,24.164366666666666,1.0068486111111112,3.92,0.142,1440
2010-09-24,22.133200000000002,0.9222166666666667,3.952,0.14,1440
2010-09-25,1.7667666666666668,0.4491779661016949,2.008,0.142,236
2010-09-28,7.840433333333333,1.6391149825783973,4.108,0.842,287
2010-09-29,28.073766666666664,1.1697402777777777,4.422,0.238,1440
2010-09-30,20.80463333333333,0.8668597222222222,3.932,0.242,1440
2010-10-01,25.080333333333332,1.045013888888889,4.136,0.234,1440
2010-10-02,32.05423333333333,1.3355930555555555,6.414,0.238,1440
2010-10-03,30.5114,1.2713083333333333,6.796,0.24,1440
2010-10-04,29.599333333333334,1.2333055555555557,5.212,0.25,1440
2010-10-05,30.9104,1.2879333333333334,5.252,0.238,1440
2010-10-06,21.924266666666664,0.913511111111111,4.174,0.244,1440
2010-10-07,30.1659,1.2569124999999999,4.94,0.236,1440
2010-10-08,25.174266666666664,1.0489277777777777,5.226,0.238,1440
2010-10-09,26.862999999999996,1.1192916666666666,4.048,0.304,1440
2010-10-10,33.31506666666667,1.3881277777777778,6.892,0.334,1440
2010-10-11,27.043166666666668,1.126798611111111,6.158,0.274,1440
2010-10-12,26.328200000000002,1.0970083333333334,5.696,0.26,1440
2010-10-13,34.56476666666667,1.4401986111111111,3.962,0.25,1440
2010-10-14,35.585366666666665,1.482723611111111,6.298,0.26,1440
2010-10-15,26.605400000000003,1.1085583333333333,4.238,0.262,1440
2010-10-16,16.6669,0.6944541666666667,3.35,0.246,1440
2010-10-17,17.456366666666668,0.7273486111111112,4.326,0.242,1440
2010-10-18,45.231399999999994,1.8846416666666668,6.29,0.248,1440
2010-10-19,32.09963333333333,1.3374847222222224,6.492,0.248,1440
2010-10-20,28.7994,1.199975,4.978,0.256,1440
2010-10-21,22.58663333333333,0.9411097222222223,4.762,0.254,1440
2010-10-22,27.814866666666667,1.1589527777777777,4.642,0.252,1440
2010-10-23,38.2206,1.592525,6.234,0.25,1440
2010-10-24,39.84246666666667,1.661256428075052,6.172,0.29,1439
2010-10-25,19.388199999999998,0.8078416666666666,5.422,0.25,1440
2010-10-26,15.765066666666666,0.6568777777777778,4.616,0.246,1440
2010-10-27,21.00463333333333,0.8751930555555556,4.29,0.258,1440
2010-10-28,24.388766666666665,1.0161986111111112,5.294,0.258,1440
2010-10-29,20.073700000000002,0.8364041666666667,4.054,0.25,1440
2010-10-30,35.87833333333333,1.4949305555555554,5.02,0.256,1440
2010-10-31,24.607166666666664,1.025298611111111,4.7,0.26,1440
2010-11-01,23.052999999999997,0.9605416666666667,2.86,0.256,1440
2010-11-02,19.851366666666664,0.8271402777777779,3.146,0.25,1440
2010-11-03,21.554966666666665,0.8981236111111112,5.026,0.252,1440
2010-11-04,42.585766666666665,1.7744069444444446,8.126,0.272,1440
2010-11-05,28.9348,1.2056166666666666,5.374,0.266,1440
2010-11-06,30.090133333333334,1.2537555555555555,4.896,0.262,1440
2010-11-07,27.896933333333333,1.1623722222222221,3.338,0.254,1440
2010-11-08,30.425666666666665,1.2677361111111112,5.51,0.254,1440
2010-11-09,33.701633333333334,1.4042347222222222,5.644,0.254,1440
2010-11-10,32.442233333333334,1.3517597222222224,7.638,0.256,1440
2010-11-11,29.559866666666665,1.231661111111111,5.506,0.23,1440
2010-11-12,30.6137,1.2755708333333333,4.78,0.22,1440
2010-11-13,33.719566666666665,1.4049819444444445,5.02,0.234,1440
2010-11-14,33.973200000000006,1.41555,4.946,0.226,1440
2010-11-15,29.123033333333332,1.2134597222222223,7.656,0.226,1440
2010-11-16,25.162466666666667,1.0484361111111111,4.27,0.226,1440
2010-11-17,26.3672,1.0986333333333334,5.234,0.226,1440
2010-11-18,27.535866666666664,1.1473277777777777,4.602,0.214,1440
2010-11-19,26.173333333333332,1.0905555555555557,4.282,0.218,1440
2010-11-20,36.61676666666666,1.525698611111111,9.724,0.218,1440
2010-11-21,15.015166666666666,0.6256319444444445,3.236,0.21,1440
2010-11-22,34.025600000000004,1.4177333333333333,5.938,0.222,1440
2010-11-23,26.292266666666666,1.095511111111111,4.628,0.216,1440
2010-11-24,29.93746666666667,1.2473944444444445,5.75,0.218,1440
2010-11-25,23.852733333333333,0.9938638888888889,5.074,0.214,1440
2010-11-26,24.80173333333333,1.1782296120348377,4.242,0.214,1263
